ensembl_id,Cat_N001,Cat_N002,Cat_N003,Cat_N004,Cat_N005,Cat_N006,Cat_N007,Cat_N011,Cat_N012,Cat_N014,Cat_N015,Cat_N016,Cat_N017,Cat_N018,Cat_TG1-003,Cat_TG1-004,Cat_TG1-005,Cat_TG1-007,Cat_TG1-009,Cat_TG1-012,Cat_TG1-013,Cat_TG1-021,Cat_TG1-023,Cat_TG2-001,Cat_TG2-002,Cat_TG2-004,Cat_TG2-005,Cat_TG2-006,Cat_TG2-008,Cat_TG2-010,Cat_TG2-012,Cat_TG2-013,Cat_TG2-014,Cat_TG2-019,Cat_TG2-022,Cat_TG2-023,Cat_TG2-025,Cat_TG2-026,Cat_TG2-028,Cat_TG2-029,Cat_TG2-030,Cat_TG2-032,Cat_TG2-033,Cat_TG2-034,Cat_TG2-036,Cat_TG2-037,Cat_TG2-038,Cat_TG3-001,Cat_TG3-002,Cat_TG3-003,Cat_TG3-004,Cat_TG3-005,Cat_TG3-006,Cat_TG3-007,Cat_TG3-008,Cat_TG3-009,Cat_TG3-010,Cat_TG3-012,Cat_TG3-013,Cat_TG3-015,Cat_TG3-016,Cat_TG3-019,Cat_TG3-020,Cat_TG3-021,Cat_TG3-023,Cat_TG3-024,Cat_HPC-001,Cat_HPC-002,Cat_HPC-004,Cat_HPC-005,Cat_HPC-006,Cat_DH003,Cat_DH004,Cat_DH008,Cat_DH009,Cat_DH010,Cat_DH011,Cat_DH013,Cat_N013r,Cat_TG1-017r,Cat_TG2-035r,Cat_HPC-003r,Cat_FL001,Cat_FL002,Cat_FL003,Cat_FL004,Cat_FL007,Cat_FL008,Cat_FL010,Cat_FL012,Cat_FL013,Cat_FL014,Cat_FH002,Cat_FH005,Cat_FH007,Cat_FH008,Cat_FH009,Cat_FH010,Cat_FH014,Cat_FH016,Cat_FH017,Cat_FH018,Cat_CS002,Cat_CS010,Cat_CS016,Cat_CS017,Cat_CS019,Cat_CS022,Cat_CS028,Cat_CS029,Cat_CS038,Cat_CS039,Cat_DL002,Cat_DL011,Cat_DL016,Cat_DL019,Cat_DL020,Cat_DL021,Cat_DL023,Cat_DL024,Cat_DL025,Cat_DL026
ENSG00000242268.2,0,0,0,0,0,0,0,0,1,0,0,0,0,1,0,0,0,0,0,1,1,0,0,3,6,34,0,10,0,0,0,0,21,34,21,0,1,0,28,1,0,0,1,0,1,0,136,6,43,0,10,51,1,45,11,1,3,0,17,2,15,0,0,11,37,0,32,0,0,1,0,0,0,0,0,0,1,0,0,0,5,2,0,0,1,1,0,0,0,0,0,0,1,0,0,3,4,0,0,0,0,0,0,0,0,0,1,0,30,1,0,0,1,0,0,0,1,6,0,5,27,0
ENSG00000167578.12,14,34,18,17,28,27,30,16,18,17,23,14,19,24,25,49,34,30,33,26,29,14,16,22,33,19,30,38,13,21,16,52,13,32,47,26,47,39,25,42,24,29,35,25,17,61,47,32,34,19,24,26,37,34,66,17,30,18,14,18,9,18,4,34,24,15,36,51,18,39,21,7,7,18,21,25,13,15,12,26,16,26,32,49,65,50,28,45,28,35,52,37,42,36,53,44,36,70,59,52,35,29,34,48,57,34,24,49,44,49,24,54,36,35,54,69,63,93,36,67,94,58
ENSG00000270112.2,0,1,0,0,0,0,0,0,0,0,0,1,0,0,0,0,1,0,1,0,1,0,0,0,0,2,0,0,1,0,0,1,0,0,2,0,0,2,4,0,0,0,0,0,0,4,0,0,1,0,3,2,1,0,0,0,0,2,1,0,0,0,0,6,0,0,0,0,0,0,1,0,1,0,0,0,0,0,0,0,0,1,0,0,0,0,0,0,0,0,1,0,0,0,0,0,0,0,0,0,1,1,0,0,0,0,0,0,0,0,0,0,0,0,0,0,0,1,0,1,0,0
ENSG00000078237.4,28,63,60,116,67,77,39,37,112,105,40,46,87,56,117,81,108,82,86,84,45,109,58,272,65,84,132,176,61,85,56,145,51,181,85,45,29,93,94,83,22,220,98,29,55,88,144,74,121,87,74,120,132,52,126,51,74,61,135,108,131,71,98,52,52,40,51,32,118,256,71,37,104,74,73,95,55,70,37,81,171,46,60,81,87,78,72,111,80,65,66,75,119,122,146,127,95,85,207,191,78,91,87,113,139,55,66,143,73,69,89,130,96,88,75,87,117,217,84,88,59,84
ENSG00000263642.1,12,32,13,7,8,21,19,35,9,20,11,12,6,14,7,41,18,10,7,20,3,18,21,16,28,9,1,6,9,7,12,17,25,13,50,25,25,28,3,18,11,4,12,7,13,38,21,27,31,14,16,14,15,25,11,13,22,7,26,38,29,37,7,4,18,12,20,19,11,16,9,8,18,11,12,16,11,20,19,6,11,21,17,21,11,11,14,8,4,10,5,5,5,10,4,6,16,4,13,5,10,10,4,2,10,5,8,3,6,9,5,5,5,2,6,14,8,6,9,6,10,8
ENSG00000225275.4,0,0,0,0,0,0,0,0,0,0,0,0,0,0,0,0,0,0,0,0,0,0,0,0,0,0,0,0,0,0,0,0,0,0,0,0,0,0,0,0,0,0,0,0,0,0,0,0,0,0,0,0,0,0,0,0,0,0,0,0,0,0,0,0,0,0,0,0,0,0,0,0,0,0,0,0,0,0,0,0,0,0,0,0,0,0,0,0,0,0,0,0,0,0,0,0,0,0,0,0,0,0,0,0,0,0,0,0,0,0,0,0,0,0,0,0,0,0,0,0,0,0
ENSG00000269416.1,0,0,0,0,1,0,0,0,0,0,0,0,0,0,0,8,0,0,2,0,1,1,1,30,19,47,0,0,0,0,0,7,5,15,11,0,17,3,4,27,18,3,0,0,4,0,0,4,21,7,0,24,0,32,36,1,59,48,34,0,2,4,0,26,9,3,9,0,22,4,18,3,0,0,0,0,0,0,0,1,4,0,0,0,0,0,0,0,0,0,0,0,0,0,0,1,0,0,2,0,1,0,0,0,0,0,0,0,11,0,0,1,0,0,0,2,0,14,0,4,188,1
ENSG00000236850.4,6,13,4,3,8,12,15,5,8,12,5,9,3,11,8,16,6,16,8,9,4,10,15,20,5,35,15,12,6,6,9,15,11,16,10,6,22,17,13,12,21,18,12,13,11,42,20,16,37,11,14,15,14,23,19,10,16,9,16,11,2,21,2,21,14,21,22,50,39,9,22,13,7,8,9,5,10,13,4,13,6,10,5,17,7,9,7,11,10,7,8,7,21,9,12,13,8,4,17,8,17,13,9,5,17,4,8,13,17,10,9,18,5,12,11,17,17,14,13,6,6,11
ENSG00000060642.6,215,270,296,125,397,212,312,230,224,231,260,356,320,398,312,122,250,270,174,182,214,198,162,276,140,213,326,215,242,193,153,112,198,129,146,107,283,243,171,186,127,416,81,467,219,117,274,160,182,327,230,477,195,175,96,114,227,406,74,219,309,104,160,387,123,216,417,123,135,155,118,435,317,247,207,316,136,261,325,253,243,233,523,588,525,747,388,401,535,506,559,407,314,333,387,439,412,390,345,273,433,477,591,394,459,427,490,361,422,461,456,400,518,452,442,546,613,706,402,390,451,476
ENSG00000231981.3,3,5,6,3,7,10,2,1,4,3,0,3,4,2,1,9,8,7,2,3,4,8,7,10,15,2,7,6,1,3,7,10,10,13,20,10,11,9,6,10,8,10,19,6,8,9,10,27,17,5,8,5,29,11,18,4,17,2,6,7,2,6,0,6,2,10,16,15,10,4,7,0,3,1,2,2,8,5,0,2,10,5,3,4,1,2,1,3,6,5,5,0,5,5,5,6,1,2,12,6,10,8,4,1,13,2,2,8,9,0,5,6,1,3,9,9,1,5,4,0,4,2
ENSG00000201788.1,0,0,0,0,1,0,0,0,0,0,0,0,0,0,0,0,0,0,0,0,0,0,0,0,0,0,0,0,0,0,0,0,0,0,0,0,0,0,0,1,0,0,0,0,0,0,0,1,1,0,0,0,0,0,0,0,1,0,1,0,0,2,0,0,0,0,2,0,0,0,0,0,0,0,0,0,0,0,0,0,0,0,0,0,0,0,0,0,0,0,0,0,0,0,0,0,0,0,0,0,0,0,0,0,0,0,0,0,0,0,0,0,0,0,0,0,0,0,0,0,0,0
ENSG00000019995.6,1164,1115,1274,759,1416,928,995,759,816,868,813,1227,1129,1465,1007,789,1230,1652,2339,905,897,993,618,2445,1605,1659,937,1677,964,1001,1239,1057,1016,1190,449,994,1203,929,1025,1950,817,1167,626,1061,898,958,1557,927,805,1297,584,2323,1468,1166,613,892,464,734,1088,938,1612,1060,1778,734,1647,1208,1105,1480,821,625,943,972,1077,897,1442,1012,768,1488,1374,1251,1505,1034,1371,1312,1976,1783,1220,1157,1376,1598,1504,1412,935,1227,1113,1222,1133,1472,1413,986,1661,1266,1049,1148,1337,1062,1324,1136,1428,1353,1049,1425,1005,1075,1288,1624,1552,650,1207,1145,1324,1141
ENSG00000167700.4,16,52,36,10,37,32,52,29,35,28,41,54,55,68,56,20,49,52,78,44,45,32,24,86,63,73,36,58,44,28,86,62,25,82,56,115,68,34,12,149,29,194,14,163,30,42,112,70,65,89,92,120,166,75,25,10,38,14,51,16,81,22,31,19,55,16,100,23,27,15,10,16,62,42,11,40,15,59,30,53,78,61,163,110,174,183,99,176,171,151,132,124,74,129,149,191,139,216,115,85,115,137,130,158,82,137,166,122,243,168,115,119,239,151,141,140,221,248,203,340,357,160
ENSG00000172137.14,0,2,0,1,0,0,1,0,1,0,0,0,0,1,0,0,0,0,0,0,0,1,0,1,0,1,9,1,0,2,0,8,0,2,0,0,0,3,0,1,0,0,11,0,0,0,1,0,0,0,1,0,2,0,3,1,2,0,0,1,0,0,0,0,0,0,0,0,1,5,7,0,0,0,0,0,0,0,0,0,2,0,1,0,3,0,0,0,0,0,1,4,2,0,2,0,0,3,2,5,4,1,0,1,0,0,0,3,0,1,12,1,2,0,1,2,0,37,1,0,0,0
ENSG00000240423.1,0,0,0,0,0,0,0,2,2,0,0,0,0,1,0,0,0,0,0,0,0,0,0,0,0,1,1,0,0,0,0,0,0,0,0,0,0,0,0,0,0,0,2,0,0,0,0,0,0,0,0,0,0,0,0,0,0,0,0,1,0,0,0,0,0,0,0,0,0,0,0,0,0,0,0,0,0,0,0,0,0,0,0,0,0,0,0,0,0,1,0,0,1,0,0,1,0,0,0,2,0,0,0,0,0,0,0,0,0,1,0,0,0,0,0,0,0,0,0,0,0,0
ENSG00000271616.1,0,0,0,0,0,0,0,0,0,0,0,0,0,0,0,0,0,0,0,0,0,0,0,1,0,3,0,0,0,0,0,0,0,0,0,0,0,0,0,0,0,0,0,0,0,0,0,1,0,0,0,0,0,0,0,0,1,0,1,0,0,0,0,0,0,0,0,0,0,0,1,0,0,0,0,0,0,0,0,0,0,0,0,0,0,0,0,0,0,0,0,0,0,0,0,0,0,0,0,0,0,0,0,0,0,0,0,0,0,0,0,0,0,0,0,0,0,0,0,0,0,0
ENSG00000264310.1,0,0,0,0,1,0,0,0,0,0,0,0,0,0,0,0,0,0,0,0,0,0,0,0,0,0,0,0,0,0,0,0,0,0,0,0,0,0,0,0,0,0,0,0,0,0,0,0,0,0,0,0,0,0,0,0,0,0,0,0,0,0,0,0,0,0,0,0,0,0,0,0,0,0,0,0,0,0,0,0,0,0,0,0,0,0,0,0,0,0,0,0,0,0,0,0,0,0,0,0,0,0,0,0,0,0,0,0,0,0,0,0,0,0,0,0,0,0,0,0,0,1
ENSG00000236040.1,0,0,0,0,0,0,0,0,0,0,0,0,0,0,0,0,0,0,0,0,0,0,0,0,0,0,0,0,0,0,0,0,0,0,0,0,0,0,0,0,0,0,1,0,0,0,0,0,0,0,0,0,0,0,0,0,0,0,0,0,0,0,0,0,0,0,0,0,0,0,0,0,0,0,0,0,0,0,0,0,0,0,0,0,0,0,0,0,0,0,1,1,0,0,0,0,0,0,0,0,0,0,0,0,0,0,0,0,0,0,0,0,0,0,0,0,0,0,0,0,0,0
ENSG00000231105.1,10,12,11,8,25,34,19,10,33,11,12,37,7,11,7,21,11,5,4,16,10,23,18,8,8,10,9,13,22,9,9,33,21,14,50,21,27,18,5,22,14,5,22,14,13,11,15,40,12,3,8,4,25,23,14,15,26,7,8,12,9,25,5,9,4,5,19,32,20,17,6,4,14,13,7,10,6,12,11,7,1,47,10,27,16,18,14,22,16,15,14,14,21,10,31,16,15,21,33,13,14,16,13,15,23,9,6,30,10,16,17,20,5,6,17,27,11,3,15,8,29,10
ENSG00000182141.5,121,102,102,209,245,135,158,101,110,162,67,103,90,156,80,237,215,164,197,171,207,273,199,247,390,298,365,398,133,116,167,840,210,305,234,226,306,297,281,304,308,282,273,85,236,34,424,342,478,275,228,474,318,284,611,208,212,184,194,237,195,274,51,355,243,195,323,633,441,449,496,144,131,137,176,85,127,145,107,194,257,142,128,204,266,218,171,183,253,247,205,181,255,174,281,277,180,214,439,368,351,160,247,194,432,132,209,464,142,208,257,349,146,112,258,507,211,321,136,206,537,204
ENSG00000136895.14,192,84,78,98,201,115,147,63,47,112,113,234,81,221,98,960,161,74,87,183,62,164,159,198,188,140,195,297,200,155,43,241,180,63,228,373,753,178,87,457,34,129,111,205,27,319,370,640,75,273,122,345,133,23,159,368,117,384,125,180,85,140,68,120,32,201,137,254,77,78,260,37,113,160,80,85,68,193,113,132,92,103,98,203,227,169,100,207,162,204,106,100,140,83,202,171,161,145,231,116,254,155,215,112,158,149,106,150,209,195,109,158,69,42,145,176,150,110,134,267,263,102
ENSG00000231112.1,0,0,0,0,0,0,0,0,0,0,0,0,0,0,0,0,0,0,0,0,0,0,0,1,0,0,0,0,1,0,0,0,0,0,0,0,0,0,0,0,0,0,0,0,0,0,1,0,0,0,0,0,0,0,0,0,0,0,1,0,0,0,0,0,0,1,0,0,0,0,0,0,0,0,0,0,1,0,0,0,0,0,0,0,0,0,0,1,0,2,0,0,0,0,0,0,0,0,0,0,0,0,0,0,0,0,0,0,0,0,0,0,0,0,0,0,0,0,0,0,0,0
ENSG00000271100.1,1,2,1,0,2,0,4,1,1,3,0,6,1,0,0,6,5,4,1,2,1,4,3,1,8,3,1,1,2,0,0,6,3,2,6,1,7,1,0,1,6,1,2,1,5,19,5,5,2,2,3,6,3,6,4,5,9,2,6,2,3,4,4,1,4,2,5,7,6,2,9,0,0,0,2,0,1,2,0,1,2,2,1,2,1,2,3,2,0,0,0,1,1,0,2,1,4,1,2,2,3,1,0,1,2,2,1,2,0,0,3,2,0,0,1,3,0,0,1,1,3,2
ENSG00000264981.1,0,0,0,0,0,0,0,0,0,0,0,0,0,0,0,0,0,0,0,0,0,0,0,0,0,0,0,0,0,0,0,0,0,0,0,0,0,0,0,0,0,0,0,0,0,0,0,0,0,0,0,0,0,0,0,0,0,0,0,0,0,0,0,0,0,0,0,0,0,0,0,0,0,0,0,0,0,0,0,0,0,0,0,0,0,0,0,0,0,0,0,0,0,0,0,0,0,0,0,0,0,0,0,0,0,0,0,0,0,0,0,0,0,0,0,0,0,0,0,0,0,0
ENSG00000197557.6,100,86,88,80,136,110,147,66,135,82,90,116,71,135,144,127,127,174,107,85,183,92,90,111,210,85,191,190,139,152,78,280,167,75,254,49,153,165,355,223,254,194,127,199,211,134,201,61,160,164,124,299,133,43,166,98,166,422,206,112,409,52,77,240,209,264,128,58,153,225,274,216,145,126,94,102,86,140,160,130,254,79,143,215,181,186,133,183,157,208,159,171,162,118,105,138,114,118,133,145,160,191,138,154,179,164,156,147,215,146,150,162,130,94,160,169,236,380,115,190,159,187
ENSG00000233540.1,1,1,0,2,0,0,0,0,0,2,0,0,0,0,0,2,1,1,5,0,2,1,0,5,1,0,2,0,0,2,3,1,2,2,2,2,2,1,2,1,4,2,0,7,0,8,1,1,1,1,3,0,5,2,4,2,1,1,1,1,0,2,1,0,0,4,2,7,1,1,2,0,0,1,1,0,1,1,1,2,1,0,0,1,0,1,0,0,0,0,1,0,0,0,1,1,0,0,0,3,2,0,1,1,2,0,0,1,1,1,2,0,0,2,1,1,0,0,0,0,1,1
ENSG00000252650.1,0,0,0,0,0,0,0,0,0,0,0,0,0,0,0,0,0,0,0,0,0,0,0,0,0,0,0,0,0,0,0,0,0,0,0,0,0,1,0,0,0,0,0,0,0,0,1,0,0,0,0,0,0,0,0,0,0,0,0,0,0,0,0,0,0,0,0,0,0,0,0,0,0,0,0,0,0,0,0,0,0,0,0,0,0,0,0,1,0,0,0,1,0,0,0,0,0,0,0,0,0,0,0,0,0,0,0,0,0,0,0,0,0,0,0,0,0,0,0,0,0,0
ENSG00000102174.7,6,15,4,8,14,8,5,9,3,5,3,3,2,5,2,4,3,3,8,28,39,14,6,14,15,3,33,26,3,1,8,15,8,14,66,1,41,35,16,9,3,5,21,1,3,2,11,15,3,7,11,3,13,6,52,15,38,390,33,21,27,0,4,4,11,7,6,5,18,119,50,14,5,5,8,30,9,16,3,4,11,9,6,10,14,14,8,8,27,11,13,10,11,6,28,22,15,6,15,28,12,6,14,26,31,4,8,42,4,15,12,36,36,33,25,65,8,12,9,9,3,18
ENSG00000207754.1,2,0,0,1,1,0,0,1,0,0,0,0,0,0,0,0,0,0,0,0,1,0,0,0,0,0,0,0,0,0,0,0,0,0,0,0,0,0,0,0,0,0,1,0,0,0,0,0,1,0,0,0,1,0,1,0,0,0,0,1,0,1,0,0,0,0,0,0,0,0,0,0,0,0,1,0,0,0,1,0,0,0,0,1,0,0,0,1,2,0,0,0,0,1,1,4,3,0,4,1,0,0,0,0,1,0,0,0,0,3,1,0,1,0,0,0,0,1,0,0,0,0
ENSG00000232001.1,0,0,0,0,0,0,0,0,0,0,0,0,0,0,0,0,0,0,0,0,0,0,0,0,0,0,0,0,0,0,0,0,0,0,0,0,0,0,0,0,0,3,0,0,0,0,0,0,0,0,0,0,0,0,0,0,2,0,0,0,0,0,0,0,0,0,0,0,0,0,0,0,0,0,0,0,0,0,0,0,0,0,0,0,0,0,0,0,0,0,0,0,0,0,0,0,0,0,0,0,0,0,0,0,0,0,0,0,0,0,0,0,0,0,0,0,0,0,0,0,0,0
ENSG00000166391.10,882,1111,840,212,459,443,654,343,498,616,752,1111,707,725,840,326,437,81,549,440,429,550,309,3,3,4,621,188,767,736,303,11,402,41,39,51,1271,214,39,44,48,438,72,277,24,66,23,545,112,15,25,214,227,1,5,127,10,76,107,585,57,19,817,30,72,250,134,53,1,21,34,312,1126,879,726,539,108,637,966,493,108,871,910,1405,1374,1951,795,1011,1343,1602,935,1064,498,588,1002,840,523,826,742,624,929,1214,1733,843,522,879,768,679,908,1413,703,939,738,717,559,1249,1330,751,1176,572,178,1167
ENSG00000270469.1,0,0,1,1,0,1,0,0,0,0,0,1,1,0,1,2,0,1,2,0,1,1,1,0,0,1,1,0,0,1,0,0,6,1,2,0,8,1,6,2,1,1,0,0,1,1,7,1,0,1,2,1,2,1,5,1,1,4,1,2,3,0,1,1,0,0,1,3,1,0,2,1,0,0,1,0,1,0,0,1,1,1,0,0,2,1,0,0,3,0,3,0,0,0,0,0,0,0,1,0,2,0,4,0,2,0,0,1,6,0,0,2,0,0,3,1,0,0,0,0,1,0
ENSG00000227959.1,4,12,8,17,4,4,6,14,9,8,2,8,5,5,3,5,6,3,2,2,4,9,4,3,1,13,5,3,2,1,2,7,2,3,5,0,4,1,0,2,0,0,5,0,1,3,4,10,6,6,2,1,2,4,2,3,6,0,2,8,1,0,0,0,0,0,8,6,4,4,1,3,3,5,25,6,6,4,10,1,0,6,16,48,10,7,17,20,11,7,4,5,13,13,29,20,11,21,20,21,6,1,11,16,16,18,8,15,1,11,8,13,9,1,7,10,20,12,13,3,6,15
ENSG00000227586.4,4,3,0,2,2,1,1,2,0,3,1,0,1,2,2,2,1,2,2,4,0,4,1,0,3,0,4,3,4,0,1,6,3,6,0,2,1,11,4,1,4,5,1,3,1,2,13,1,7,3,6,1,7,2,5,4,0,1,1,5,4,2,0,1,4,2,1,1,9,3,9,1,2,1,1,0,3,1,0,4,1,1,2,1,2,2,0,1,1,1,3,1,1,1,0,4,0,7,3,3,5,2,1,1,5,0,0,1,3,0,4,4,0,2,4,9,2,2,0,2,1,2
ENSG00000126267.4,653,746,812,789,1175,730,1106,719,1045,744,722,739,1371,1291,1041,621,1236,1107,1018,1004,730,821,744,1417,869,1724,1261,2119,729,627,764,861,703,1232,1399,775,978,892,1423,1916,561,4265,557,1649,485,1415,1742,472,1157,1238,692,2143,937,1127,1055,592,645,782,727,838,1554,639,1333,545,3325,1359,627,710,646,1068,1308,1398,1303,1099,1374,1474,590,846,858,1003,1561,581,1536,1778,1406,1633,1089,1384,1579,1418,1310,1431,1970,1376,1717,2034,1173,1684,1665,1564,1221,1689,1226,2389,1533,1177,1355,1779,2307,1702,1363,1827,1890,1922,1385,1513,2671,3586,1341,1978,3731,1320
ENSG00000269148.1,3,7,6,5,3,5,11,6,2,5,2,14,1,3,7,6,4,4,2,0,3,5,3,4,6,4,2,9,3,1,2,12,2,5,5,15,15,5,1,7,3,2,2,4,5,6,3,9,9,2,2,2,6,6,14,3,4,2,6,4,0,5,6,3,2,0,5,6,7,1,9,4,1,0,2,3,2,1,0,2,4,3,6,8,6,8,12,6,2,2,7,1,7,0,10,5,3,7,11,6,6,9,7,5,7,4,6,6,4,4,3,7,3,6,10,7,4,3,6,3,6,5
ENSG00000179262.5,327,457,415,340,457,368,492,367,386,344,276,582,518,444,416,379,514,466,298,300,309,489,295,348,380,235,484,841,396,259,302,606,395,436,494,610,584,447,424,704,360,1247,391,995,267,825,669,413,711,649,313,323,490,220,644,232,555,342,366,395,780,554,373,201,509,467,386,462,412,407,409,206,404,311,361,367,210,379,354,431,456,369,657,1054,767,810,637,929,774,941,608,729,737,716,877,919,751,808,1059,871,665,862,723,790,857,658,630,898,1217,690,612,843,556,592,635,915,917,1359,799,1026,1229,888
ENSG00000251538.1,0,0,0,0,0,0,0,0,0,0,0,0,0,0,0,0,1,0,0,0,0,0,0,1,0,0,0,1,1,0,0,2,0,0,0,0,1,1,1,0,0,0,0,0,4,1,0,2,0,0,0,0,1,0,0,1,1,0,0,0,0,0,2,0,0,0,0,1,1,0,0,0,0,0,0,0,0,1,0,0,0,0,0,0,0,0,0,0,0,0,0,0,0,0,0,0,0,0,0,0,1,0,0,0,0,0,0,0,0,0,0,0,0,0,0,0,0,0,0,0,0,0
ENSG00000152953.8,4,2,5,9,19,0,2,3,1,6,2,7,1,9,5,2,8,12,0,15,7,26,36,43,10,22,32,22,5,3,6,132,8,16,3,2,6,9,13,9,20,3,84,8,2,6,31,16,31,10,6,1,16,3,12,14,20,7,11,15,10,7,6,15,12,4,9,30,30,26,14,1,3,1,1,8,5,2,1,2,9,6,5,9,12,11,7,6,11,4,5,4,19,9,17,20,8,16,42,27,14,9,10,19,46,3,12,37,4,13,24,14,7,3,7,19,7,6,2,1,10,12
ENSG00000166368.2,1,1,0,11,1,2,1,2,2,0,1,0,0,0,2,0,0,0,1,0,0,3,1,2,10,7,5,0,0,0,1,4,0,1,5,1,1,5,2,0,0,1,3,0,1,0,0,1,15,0,6,1,3,1,3,3,2,5,0,15,2,0,0,3,1,0,2,0,1,0,0,0,0,6,0,3,6,1,0,0,1,3,2,1,0,0,1,2,1,0,1,0,1,0,3,3,1,2,4,2,2,1,3,1,2,0,3,3,0,0,4,3,0,4,0,5,0,2,0,0,0,3
ENSG00000078668.9,455,504,658,444,721,505,719,415,618,643,441,547,727,815,840,507,1023,865,769,673,869,728,906,1492,522,581,1042,1288,719,668,459,497,624,628,1219,508,289,955,865,1107,528,1327,591,582,925,314,1103,491,1045,752,776,1288,565,389,440,513,403,747,1096,684,2745,519,1277,559,1632,934,338,526,571,1167,1558,812,851,716,958,783,460,771,508,1006,1497,502,697,829,879,976,667,773,950,876,737,935,1027,786,991,1067,771,837,1082,871,784,810,728,964,938,671,794,1168,1240,905,823,1158,1041,742,865,1005,1317,978,934,1041,1561,853
ENSG00000234900.1,0,0,0,1,1,2,0,0,0,0,0,1,0,1,0,0,0,2,0,1,2,1,0,2,0,1,1,1,2,3,1,6,1,2,3,0,0,7,2,0,5,3,3,0,0,2,1,3,1,1,0,0,1,1,5,4,4,0,0,2,0,1,0,0,0,0,4,1,7,2,1,0,1,0,1,0,1,0,0,0,2,0,1,4,2,2,0,1,0,0,0,2,2,1,0,3,0,1,2,0,2,2,1,0,5,0,0,3,2,3,5,5,0,0,0,4,2,0,0,0,3,3
ENSG00000182648.7,37,45,16,11,42,17,28,15,13,23,25,49,17,39,39,76,18,35,23,76,45,41,63,25,33,7,34,22,43,25,21,84,51,17,67,122,40,57,20,78,44,66,19,76,27,39,33,34,42,27,46,45,24,35,26,45,43,25,21,29,41,10,30,31,15,38,97,222,34,4,54,39,17,28,9,19,14,63,17,59,29,23,34,54,60,35,34,27,34,57,30,28,12,24,34,54,37,40,54,19,50,37,31,35,61,32,41,41,73,53,25,35,25,18,51,48,47,6,49,172,22,77
ENSG00000251044.1,5,11,13,2,10,5,8,11,1,8,5,13,5,9,5,1,0,0,0,4,0,7,0,0,7,0,0,0,19,3,1,0,1,0,0,0,26,1,1,2,1,0,0,0,0,1,2,35,8,0,0,0,2,0,0,1,1,5,1,5,1,6,0,1,0,2,1,0,0,0,2,1,4,0,1,1,3,9,10,3,0,12,2,20,9,2,9,5,5,12,1,3,3,6,0,4,8,3,0,2,8,7,10,0,0,7,4,0,4,2,3,4,2,1,5,5,5,1,5,4,2,2
ENSG00000101199.8,217,304,209,263,289,278,336,217,275,268,212,352,256,240,294,303,271,288,196,247,232,279,190,343,583,1112,410,453,192,192,282,741,279,393,761,351,490,296,287,797,221,475,487,547,448,669,526,641,655,401,378,460,388,248,463,175,468,348,291,215,277,251,157,139,286,215,375,351,427,326,408,104,249,214,178,309,153,202,150,263,457,342,395,661,639,609,400,621,460,395,377,301,617,505,746,793,536,759,901,623,555,532,462,455,538,397,403,635,840,492,462,616,421,414,530,669,541,1269,433,789,1414,592
ENSG00000249830.1,0,0,0,0,0,0,0,0,0,0,0,0,0,0,0,0,0,1,0,0,0,0,0,0,0,0,0,0,0,0,0,0,0,0,0,0,0,0,0,22,0,2,0,0,0,0,0,23,0,0,0,0,0,0,0,0,29,0,5,0,1,0,0,3,0,0,0,0,0,0,0,1,0,0,0,0,0,0,0,0,0,0,0,0,0,0,0,0,0,0,0,0,0,0,0,0,0,0,0,0,0,0,0,0,0,0,0,0,0,0,0,0,0,0,0,0,0,0,0,0,0,0
ENSG00000225269.2,4,6,3,4,4,5,2,0,4,4,3,6,2,3,2,0,1,4,1,2,0,5,9,1,1,0,6,3,3,5,9,10,1,0,7,0,0,0,0,3,0,2,6,2,1,2,7,1,1,1,3,2,0,2,11,1,1,9,1,7,0,0,3,0,0,0,5,8,1,4,1,1,4,4,4,2,2,3,5,4,0,3,5,3,7,4,7,4,4,8,17,11,4,5,1,7,4,6,9,9,5,3,1,2,3,5,4,10,0,1,3,3,2,0,8,8,3,13,3,2,0,1
ENSG00000214062.5,5,4,4,2,7,7,7,1,1,2,5,5,1,1,3,7,5,1,4,5,2,3,1,5,11,4,12,1,7,1,2,8,6,5,5,4,8,11,5,7,7,1,4,3,14,7,8,5,2,4,2,1,4,4,7,6,0,6,5,7,1,2,1,2,4,0,7,8,9,2,7,2,1,3,2,0,2,3,1,3,5,0,2,9,8,5,2,5,3,7,9,5,7,5,5,5,4,4,1,4,12,5,3,6,12,1,3,6,5,3,2,4,0,2,3,11,1,1,2,4,6,4
ENSG00000270440.1,0,0,0,0,0,0,0,0,0,0,0,0,0,0,0,0,0,0,0,0,0,0,0,0,0,0,0,0,0,0,0,0,0,0,0,0,0,0,0,0,0,0,0,0,0,0,0,0,0,0,0,0,0,0,0,0,0,0,0,0,0,0,0,0,0,0,0,0,0,0,0,0,0,0,0,0,0,0,0,0,0,0,0,0,0,0,0,0,0,0,0,0,0,0,0,0,0,0,0,0,0,0,0,0,0,0,0,0,0,0,0,0,0,0,0,0,0,0,0,0,0,0
ENSG00000095587.8,0,1,1,2,8,2,0,2,1,4,0,1,0,1,1,0,2,1,1,2,2,2,0,9,2,12,6,2,0,1,2,22,4,5,8,1,0,3,6,13,2,3,2,0,3,1,2,7,4,0,4,4,2,10,5,2,1,0,5,0,2,0,1,7,12,0,1,1,5,2,4,1,1,0,0,6,2,1,1,1,3,0,2,1,0,1,1,2,0,0,1,2,2,2,1,1,2,0,0,5,2,6,7,5,3,1,1,3,5,1,1,10,0,0,1,2,3,4,1,0,0,3
ENSG00000264198.1,102,122,105,78,392,145,102,73,69,205,85,117,107,145,64,109,110,132,160,224,474,338,83,21,137,19,370,295,148,84,85,174,88,398,147,34,105,845,38,60,19,68,155,17,64,75,70,118,184,153,212,92,471,63,390,99,29,20,51,283,28,32,79,55,39,8,110,29,194,252,30,29,106,31,71,34,49,170,44,63,124,45,132,217,545,352,197,238,359,207,346,358,75,247,361,397,210,419,562,469,268,142,413,266,582,130,234,546,53,303,223,425,146,34,370,705,64,56,77,224,66,165
ENSG00000269113.3,87,60,61,32,164,86,106,107,42,46,62,136,31,69,57,126,77,143,50,100,56,92,135,42,17,42,93,124,43,56,81,188,64,28,69,343,76,18,15,314,7,7,148,156,12,28,81,85,245,211,26,124,122,18,131,37,3,35,19,71,44,81,147,8,7,43,133,28,96,11,43,50,25,69,52,35,29,38,47,72,39,115,88,200,172,123,91,66,77,129,185,89,102,29,67,88,100,96,121,92,127,132,86,110,124,22,50,134,142,71,39,61,43,76,96,112,140,204,68,182,40,92
ENSG00000185652.7,48,28,37,34,46,28,18,23,27,17,21,37,26,33,10,0,13,12,3,13,6,7,7,7,2,1,51,24,8,10,8,10,11,11,0,0,0,2,8,9,0,4,13,0,3,0,2,9,1,0,2,7,14,3,0,5,0,0,5,13,1,1,5,10,0,2,8,6,1,1,4,4,34,12,14,6,4,13,20,11,7,23,59,39,65,58,53,33,39,37,41,42,36,53,60,43,30,87,22,46,88,37,61,61,60,62,32,56,3,30,38,48,52,4,20,82,33,1,8,9,10,42
ENSG00000264085.1,0,0,0,0,0,0,0,0,0,0,0,0,0,1,0,0,0,0,0,0,0,0,0,0,0,0,0,0,0,0,0,0,0,0,1,0,0,0,0,0,0,0,0,0,0,0,0,0,0,0,0,0,0,0,0,0,0,0,0,0,0,0,0,0,0,0,0,0,1,0,0,0,0,0,0,0,0,0,0,0,0,0,0,0,0,0,0,0,0,0,0,0,1,0,0,0,0,0,0,0,0,0,0,0,0,0,0,1,0,0,0,0,0,0,0,1,0,0,0,0,0,0
ENSG00000261475.2,0,0,0,0,0,0,0,0,0,0,0,0,0,0,0,0,0,0,0,0,0,0,0,0,0,0,0,0,0,0,0,0,0,0,0,0,0,0,0,0,0,0,0,0,0,0,0,0,0,0,0,0,0,0,0,0,0,1,0,0,0,0,0,0,0,0,0,0,0,0,0,0,0,0,0,0,0,0,0,0,0,0,0,0,0,0,0,0,0,0,0,0,0,0,0,0,0,0,0,0,0,0,0,0,0,0,0,0,0,0,0,0,0,0,0,0,0,0,0,0,0,0
ENSG00000008517.12,576,689,785,853,436,607,848,890,1337,1435,516,128,1315,495,1374,1061,3792,1359,3499,1500,817,617,740,232,707,122,1001,1224,1339,820,1116,289,468,918,703,1191,814,3389,136,54,217,1898,428,600,221,470,989,2090,2904,1307,1410,172,3083,663,553,596,391,101,644,812,523,1908,991,349,220,510,1204,737,180,1477,221,1439,1683,849,1342,2504,1562,1810,206,1984,1864,680,1115,1244,2720,1220,637,1384,1541,894,1121,2306,2094,2712,2516,2010,1588,2345,3961,2779,1709,2656,1735,2167,2310,1954,1561,2243,2129,1911,2025,3201,1643,5917,2898,2407,3314,3275,2580,2508,3512,2057
ENSG00000266644.1,3,1,6,1,7,0,2,0,4,4,0,2,1,2,3,3,1,1,9,4,2,7,0,1,3,1,2,7,1,1,0,4,11,16,17,19,13,21,3,12,7,2,2,10,0,6,8,3,0,1,4,0,8,19,5,12,26,9,15,8,11,1,2,13,1,3,8,19,4,0,13,4,1,9,10,2,3,0,2,2,6,1,0,4,5,6,1,8,0,1,1,0,1,1,2,4,5,5,0,5,1,2,2,0,3,0,0,5,10,6,0,5,0,1,0,7,1,0,0,3,7,2
ENSG00000227896.2,2,15,20,3,17,10,16,17,4,13,4,7,8,12,23,17,15,21,20,9,4,9,13,26,24,25,11,17,10,4,10,71,16,36,23,17,22,19,33,38,37,30,15,23,31,32,35,6,20,33,9,25,26,24,37,18,29,19,31,8,15,12,10,27,24,33,20,33,48,16,28,2,14,14,15,11,5,9,9,20,21,17,4,24,21,23,4,18,3,9,20,8,16,14,9,34,14,46,13,9,11,6,10,13,27,1,10,12,28,10,11,15,3,11,26,21,17,18,19,21,25,13
ENSG00000229637.2,0,0,0,0,0,0,0,0,0,0,0,0,0,0,0,0,0,0,0,0,0,0,0,0,0,0,0,0,0,0,1,0,0,0,0,0,0,0,0,0,0,0,0,0,0,0,0,0,0,0,0,0,0,0,7,0,0,12,0,0,1,0,0,0,0,0,0,0,1,0,0,0,0,0,0,0,0,0,0,0,0,0,0,0,0,0,0,0,0,0,0,0,0,0,0,0,0,0,0,0,0,0,0,0,0,0,0,0,0,0,0,0,0,0,0,0,0,0,0,0,0,0
ENSG00000088179.4,553,578,542,445,670,592,590,340,538,570,434,536,530,794,478,653,663,811,752,633,692,739,500,703,1038,781,922,1070,524,659,433,1245,955,1056,483,466,678,895,647,888,906,1369,453,523,613,632,855,425,1231,720,646,1241,1226,681,1221,705,555,1077,623,823,863,630,749,880,843,658,849,710,1124,859,1128,620,647,573,724,571,489,698,643,763,914,468,769,1031,1035,1017,660,905,849,1000,856,971,734,797,773,946,586,808,913,909,1049,741,815,851,1107,653,772,1187,1182,814,788,1042,551,494,982,1376,1011,1271,593,744,675,825
ENSG00000166634.2,0,0,0,0,0,0,0,0,0,0,0,0,0,0,0,0,0,0,0,0,0,0,0,0,0,0,0,0,0,0,0,0,0,0,0,0,0,0,0,0,0,0,0,0,0,0,0,0,0,0,0,0,0,0,0,0,0,0,0,0,0,0,0,0,0,0,0,0,0,0,0,0,0,0,0,0,0,0,0,0,0,0,0,0,0,0,0,0,0,0,0,0,0,0,0,0,0,1,0,0,0,0,0,0,0,0,0,0,0,0,0,0,0,0,0,0,0,0,0,0,0,0
ENSG00000199812.1,0,0,0,0,0,0,0,0,0,0,0,0,0,0,0,0,0,0,0,0,0,0,0,0,0,0,0,0,0,0,0,0,0,0,0,0,0,0,0,0,0,0,0,0,0,0,0,0,0,0,0,0,0,0,0,0,0,0,0,0,0,0,0,0,0,0,0,0,0,0,0,0,0,0,0,0,0,0,0,0,0,0,0,0,0,0,0,0,0,0,0,0,0,0,0,0,0,0,0,0,0,0,0,0,0,0,0,0,0,0,0,0,0,0,0,0,0,0,0,0,0,0
ENSG00000261789.1,1,0,0,1,0,0,1,0,1,1,0,1,0,1,0,0,0,0,0,0,0,0,0,0,0,0,0,0,0,0,1,1,0,2,0,1,0,0,0,1,0,1,0,1,0,1,0,0,1,0,0,0,1,0,0,0,0,0,0,0,0,1,0,0,0,0,0,0,0,0,1,0,0,0,2,0,0,0,0,0,1,1,0,0,0,1,0,0,1,1,0,0,1,0,0,0,2,1,0,3,0,0,0,1,0,0,1,1,0,0,0,0,0,0,0,0,0,0,2,1,0,0
ENSG00000196167.5,5,14,8,26,52,6,18,7,11,22,5,21,10,13,46,13,19,9,11,11,22,100,10,102,72,124,133,12,17,9,5,197,10,64,87,7,18,20,11,23,67,20,65,0,29,56,43,30,84,31,74,63,33,214,57,23,213,8,37,50,44,32,3,48,25,5,35,120,297,111,33,19,8,23,18,65,24,10,3,17,21,19,2,38,25,29,12,7,19,14,11,25,33,16,48,75,27,61,60,23,68,16,34,17,81,23,15,81,15,31,41,61,19,14,35,96,39,203,18,48,78,23
ENSG00000254092.1,4,0,4,0,3,3,4,0,0,5,0,14,0,7,0,0,0,0,1,0,1,0,2,0,0,0,4,0,3,4,0,0,1,0,0,0,0,0,0,0,0,0,0,0,0,0,1,0,0,3,0,50,0,0,0,0,0,0,0,2,0,4,0,0,0,0,1,1,0,0,0,3,1,1,0,1,0,0,0,0,0,1,0,0,0,1,0,0,4,0,6,3,2,4,0,1,0,1,3,0,0,1,4,0,0,0,2,0,0,0,3,1,0,3,0,9,0,0,0,0,0,0
ENSG00000161558.6,61,85,44,24,53,41,87,26,37,58,52,98,68,69,58,49,50,46,64,36,37,28,29,43,81,87,51,75,65,56,33,43,45,36,42,82,77,44,76,33,76,71,23,70,68,39,30,71,49,44,24,61,80,53,17,34,25,32,42,26,28,64,47,40,58,42,54,43,60,15,44,32,62,54,56,38,25,61,49,74,61,71,103,152,121,118,91,97,94,127,83,110,80,76,98,119,87,126,94,56,102,137,120,74,66,114,95,69,85,88,91,115,90,51,105,135,141,56,94,84,171,119
ENSG00000260900.1,0,0,0,0,0,0,0,0,0,0,0,0,0,0,0,0,0,0,0,0,0,0,0,0,0,0,0,0,0,0,0,0,0,0,0,0,0,0,0,0,0,1,0,0,0,0,0,1,0,0,0,0,0,0,0,0,0,0,0,0,0,0,0,0,0,0,0,0,0,0,0,0,0,0,0,0,0,0,0,0,0,0,0,0,0,0,0,0,0,0,0,0,0,0,0,0,0,0,0,0,0,0,0,0,0,0,0,0,0,0,0,0,0,0,0,0,0,0,0,0,0,0
ENSG00000185615.11,2,0,1,0,10,0,3,0,0,0,0,1,1,2,1,3,0,1,1,2,0,0,0,0,2,6,2,3,0,3,0,0,2,6,2,1,81,0,1,5,4,5,1,0,2,0,0,10,4,4,0,3,6,1,0,0,96,0,106,0,5,194,0,1,2,3,70,3,33,1,119,5,0,4,0,1,0,0,0,0,1,0,1,3,2,8,1,0,0,2,3,1,1,1,7,3,1,4,0,12,2,2,2,0,0,0,0,3,24,1,2,1,1,1,3,0,2,3,2,4,3,0
ENSG00000250571.2,19,21,17,14,37,17,71,16,14,30,15,23,13,27,35,41,25,40,27,60,23,40,25,54,37,27,41,30,23,22,86,95,32,86,79,110,63,34,28,79,54,132,40,245,38,116,65,77,66,49,58,38,125,60,38,21,52,19,31,12,56,16,14,22,30,26,81,52,56,21,21,21,20,20,11,20,9,19,16,56,30,42,33,62,88,60,42,67,47,54,50,28,62,29,65,62,48,139,77,53,59,60,43,41,91,31,42,71,128,57,45,61,39,60,69,107,54,137,36,139,137,103
ENSG00000207630.1,0,0,0,0,0,0,0,0,0,0,0,0,0,0,0,0,0,0,0,0,0,0,0,0,0,0,0,0,0,0,0,0,0,0,0,0,0,0,0,0,0,0,0,0,0,0,0,0,0,0,0,0,0,0,0,0,0,0,0,0,0,0,0,0,0,0,0,0,0,0,0,0,0,0,0,0,0,0,0,0,0,0,0,0,0,0,0,0,0,0,0,0,0,0,0,0,0,0,0,0,0,0,0,0,0,0,0,0,0,0,0,0,0,0,0,0,0,0,0,0,0,0
ENSG00000264438.1,0,0,0,0,0,0,1,0,0,0,0,0,0,0,0,0,0,0,0,0,0,0,0,0,0,0,0,0,0,0,0,0,0,0,0,0,0,0,0,0,0,0,0,0,0,0,0,0,0,0,0,0,0,0,0,0,0,0,0,0,0,0,0,0,0,0,0,0,0,0,0,0,0,0,0,0,0,0,0,0,0,0,0,0,0,0,0,0,0,0,0,0,0,0,0,0,0,0,0,0,0,0,0,0,0,0,0,0,0,0,0,0,0,0,0,0,0,0,0,0,0,0
ENSG00000219747.1,3,1,2,2,0,4,1,0,1,0,2,2,2,1,4,1,2,3,4,4,1,7,2,2,4,7,3,3,2,1,4,5,2,4,5,1,0,3,4,1,1,4,2,0,2,12,5,7,8,2,1,1,3,1,7,1,1,5,3,1,2,3,1,2,2,1,4,8,5,3,8,0,1,0,1,0,0,2,1,1,4,3,0,4,2,2,1,2,0,1,0,1,2,2,7,8,4,4,2,5,1,4,5,1,4,0,2,2,2,2,2,2,1,0,3,6,0,3,2,5,2,4
ENSG00000207000.1,0,0,0,0,2,0,0,0,0,0,0,0,0,0,0,0,0,0,0,0,0,0,0,0,0,0,0,0,0,0,0,1,0,0,0,0,0,0,0,0,0,0,0,0,0,0,0,0,0,0,0,0,0,0,0,0,0,0,1,0,0,0,0,0,0,0,0,0,0,0,0,0,0,0,0,0,0,0,0,0,0,0,0,0,0,0,0,0,0,0,0,0,0,0,0,0,0,0,1,0,1,0,0,1,0,0,0,0,0,0,0,0,0,0,0,2,0,0,0,0,0,0
ENSG00000254131.1,5,8,7,1,7,3,9,3,7,3,4,15,3,4,11,7,10,4,2,8,2,6,1,11,6,3,3,6,1,2,7,6,2,1,3,7,5,8,3,5,15,0,2,4,17,14,4,11,5,2,6,7,6,8,4,6,3,0,3,2,1,12,5,5,3,9,8,22,6,5,7,3,6,2,1,3,7,5,6,3,3,8,5,11,5,7,5,4,2,9,6,3,4,6,5,6,4,7,4,1,10,2,3,2,3,3,0,9,1,8,3,7,1,0,5,9,4,0,4,5,10,6
ENSG00000255193.1,1,0,0,0,0,0,0,0,0,0,0,0,0,0,0,0,0,0,0,0,0,0,0,0,0,0,1,0,0,0,0,1,0,1,3,0,0,2,0,1,0,7,0,0,0,1,0,1,1,0,1,0,1,0,0,0,9,13,2,0,13,0,0,1,3,0,2,0,0,1,0,2,0,0,0,0,0,0,0,0,2,0,0,0,0,0,0,0,1,0,0,0,0,0,0,0,1,0,0,0,0,0,0,0,0,0,1,0,0,1,1,0,0,0,0,1,0,0,0,4,0,0
ENSG00000264104.1,0,0,0,0,0,0,0,0,0,0,0,0,0,0,0,0,0,2,0,0,0,1,0,0,0,0,0,1,0,0,0,1,0,0,0,0,0,0,0,0,0,0,0,0,0,0,0,0,0,0,2,0,0,1,1,0,0,1,0,1,0,0,0,0,0,0,0,1,0,0,0,0,0,0,0,0,0,0,0,0,0,0,0,1,0,0,0,1,0,0,0,0,0,0,0,0,0,0,0,0,2,0,1,0,1,0,0,0,0,0,0,0,0,0,0,2,0,0,0,0,1,0
ENSG00000179833.4,307,242,213,221,395,173,235,110,212,257,216,426,270,406,330,370,276,344,328,287,407,418,186,416,421,352,390,597,453,294,359,526,614,644,431,181,516,540,498,555,416,397,442,620,356,327,465,309,486,435,379,512,631,354,568,315,453,1033,390,273,966,404,336,398,397,404,318,652,289,445,514,241,295,237,225,195,137,444,344,458,385,310,208,522,509,619,311,257,671,797,522,571,312,253,683,341,243,269,854,381,780,262,668,283,530,249,457,648,710,538,250,444,418,121,430,700,396,496,282,324,432,407
ENSG00000165312.5,175,157,169,169,227,165,130,187,225,228,170,311,348,206,129,119,178,187,130,182,129,238,145,203,160,145,251,278,150,164,148,271,239,259,205,47,164,109,171,163,103,304,289,127,87,135,342,105,154,229,112,152,289,105,365,104,124,435,222,218,768,65,137,158,113,272,134,95,160,273,205,180,232,152,174,263,152,235,338,167,165,135,134,402,291,368,181,227,382,460,170,296,274,429,371,257,258,265,458,308,291,151,213,212,268,215,226,337,373,303,213,329,274,148,225,308,253,241,157,163,419,263
ENSG00000221372.1,0,0,0,0,1,0,0,0,0,0,0,0,0,0,0,0,0,0,0,0,0,0,0,0,1,0,0,0,0,1,0,1,0,0,0,0,5,0,0,2,1,0,0,0,0,0,0,0,0,0,1,0,0,2,1,0,0,6,0,0,0,0,0,0,0,1,0,0,0,0,0,0,0,0,0,0,0,0,0,0,0,0,0,0,1,0,0,0,0,1,0,0,0,0,0,0,0,0,1,0,0,0,0,1,0,0,0,0,0,0,0,0,0,0,0,0,0,0,0,0,0,0
ENSG00000159618.11,19,48,31,5,39,26,38,8,11,27,14,7,13,19,7,58,11,18,19,62,97,28,5,9,155,10,54,20,28,33,37,83,11,64,35,3,10,155,39,46,227,27,16,16,12,4,26,245,114,156,55,246,44,44,17,51,57,55,208,28,14,17,14,11,7,3,94,788,82,54,19,23,34,5,32,14,28,65,33,11,149,10,7,19,80,18,24,25,65,52,30,32,26,21,67,52,49,62,66,46,31,22,51,29,38,12,49,108,16,52,17,28,46,12,42,125,46,185,57,173,291,31
ENSG00000158966.9,87,90,63,93,140,96,71,49,99,107,44,89,69,118,20,20,45,138,195,116,158,108,42,109,100,851,208,147,92,45,54,212,88,292,257,75,30,74,203,72,43,42,165,41,70,304,193,175,169,169,195,227,365,289,501,72,55,37,652,145,317,21,57,276,319,50,260,160,77,108,247,42,99,128,26,204,59,49,55,60,179,68,82,135,162,151,109,116,151,155,114,130,119,103,184,149,115,156,172,150,284,122,173,119,188,96,104,255,148,130,135,142,56,90,114,288,63,284,68,151,95,125
ENSG00000234892.1,0,4,1,2,0,0,2,0,0,0,0,0,3,1,2,2,1,2,3,3,1,2,3,0,3,0,1,0,1,1,5,0,0,0,0,0,16,0,0,0,0,0,1,9,0,26,1,1,0,0,3,0,1,0,0,2,0,1,0,1,0,0,0,3,0,1,1,0,0,0,1,0,1,3,3,1,0,0,0,1,1,2,2,1,0,0,1,1,1,1,0,0,3,4,2,2,2,3,0,2,3,1,1,3,2,5,0,2,4,0,2,2,1,2,1,9,6,0,3,2,2,4
ENSG00000227535.2,1,1,2,3,1,3,0,0,2,2,1,2,2,1,0,3,1,0,0,0,1,2,0,1,2,0,2,1,1,1,0,2,4,4,3,3,2,1,0,1,3,0,0,0,1,2,2,2,6,1,1,2,2,4,7,3,2,2,1,0,2,2,4,4,3,1,2,3,2,1,3,0,2,1,0,1,0,0,0,2,1,0,0,1,0,1,3,1,1,1,0,0,4,4,2,1,1,0,2,1,0,1,0,0,3,1,1,0,2,1,1,0,0,0,1,5,0,0,0,0,2,0
ENSG00000252628.1,0,0,0,0,0,0,0,0,0,0,0,0,0,0,0,0,0,0,0,0,0,0,0,0,0,0,0,0,0,0,0,0,0,0,0,0,0,0,0,1,0,0,0,0,0,0,0,0,0,0,0,0,0,0,0,0,0,0,0,0,0,0,0,0,0,0,0,0,0,0,0,0,0,0,0,0,0,0,0,0,0,0,0,0,0,0,0,0,0,0,0,0,0,0,0,0,0,0,0,0,0,0,0,0,0,0,0,0,0,0,0,0,0,0,0,0,0,0,0,0,0,0
ENSG00000166007.11,0,0,0,0,0,0,0,0,0,0,0,0,0,0,0,9,0,0,0,0,0,0,0,0,0,0,0,0,0,0,0,0,0,0,0,0,0,0,0,0,0,0,0,0,0,0,0,0,0,0,0,0,0,0,0,0,0,0,0,0,0,0,0,0,0,0,0,0,0,0,0,0,0,0,0,0,0,0,0,0,0,0,0,0,0,0,0,0,0,0,0,0,0,0,0,0,0,0,0,0,0,0,0,0,0,0,0,0,0,0,0,0,0,0,0,0,0,0,0,0,0,0
ENSG00000265191.1,1,0,2,2,0,5,2,1,0,0,0,1,0,1,2,0,0,0,2,0,0,2,1,1,3,1,1,3,0,3,1,11,0,1,2,3,1,4,2,0,1,2,5,4,3,6,1,2,2,2,1,0,5,3,1,1,4,3,2,1,1,2,0,2,2,2,6,1,3,3,5,0,2,1,0,1,1,0,1,0,1,0,0,2,1,1,0,2,0,3,3,0,3,3,1,0,0,3,4,2,2,1,0,1,0,0,1,4,0,2,0,0,1,0,0,1,1,0,1,0,2,3
ENSG00000167768.4,0,0,0,0,0,0,0,0,0,0,0,0,0,0,0,1,0,0,0,0,0,1,1,0,0,0,1,0,0,0,0,0,1,0,0,0,0,0,0,0,1,0,0,0,0,0,0,0,0,0,0,0,2,0,0,0,0,1,0,0,0,0,0,0,0,0,0,0,0,0,0,0,0,0,0,0,0,1,0,0,0,0,0,2,0,0,0,0,0,0,0,0,0,0,0,0,0,0,2,2,1,0,1,2,0,1,0,2,0,0,0,0,0,0,0,0,0,0,0,0,0,0
ENSG00000171551.7,3,0,0,8,0,0,0,0,7,0,0,2,6,0,0,0,0,0,0,2,9,1,6,2,2,87,15,7,0,1,4,3,0,0,2,0,1,3,0,0,0,2,8,0,1,0,0,2,0,0,4,2,5,1,6,0,0,2,1,5,0,0,0,1,5,1,0,1,2,0,15,4,1,1,0,9,0,0,0,0,1,1,1,0,9,0,2,0,0,0,2,0,78,2,23,14,4,6,7,7,0,6,1,6,3,1,5,132,4,9,5,7,36,128,6,24,111,1,2,1,2,13
ENSG00000136231.9,9,12,3,3,11,3,16,13,4,10,2,2,3,7,12,14,13,26,11,12,32,7,7,8,106,266,13,18,12,15,5,11,15,18,1108,79,20,245,678,633,18,390,8,45,8,295,318,441,175,468,77,58,49,981,610,115,3194,242,841,9,528,33,13,81,331,7,547,22,422,850,480,52,19,6,27,4,1,14,6,105,246,7,9,8,12,16,5,8,9,14,15,19,6,6,12,11,7,15,19,17,13,2,16,12,3,5,13,20,61,18,8,25,6,3,12,29,14,814,12,24,52,16
ENSG00000273406.1,0,2,0,0,2,2,1,1,0,0,0,1,0,0,0,3,1,0,2,0,0,0,0,3,0,1,3,2,0,0,1,0,0,2,0,0,1,0,0,1,3,1,0,0,0,0,0,1,0,0,0,5,5,1,2,3,2,2,0,3,0,0,0,0,0,0,2,0,1,1,0,0,0,0,0,0,0,0,1,0,0,0,0,0,0,1,0,1,0,0,0,0,0,2,1,0,1,0,3,1,0,0,2,1,1,0,0,0,0,0,0,0,0,0,1,4,0,4,0,0,1,1
ENSG00000147257.9,30,38,35,306,189,31,91,28,72,162,17,85,24,42,499,1656,230,1243,292,724,2277,1247,429,7371,6771,37397,613,1834,81,900,493,2995,425,14027,2374,4444,343,4090,44469,25344,12669,44061,822,198,1551,1092,7575,326,900,7852,17202,35840,5865,9466,546,1717,5608,2473,9583,330,20016,295,674,8100,28186,9890,653,6553,17337,74,17475,102,468,277,27,474,23,146,17,2431,14258,78,61,82,140,261,83,84,417,155,98,592,460,59,521,577,446,381,446,662,362,97,237,375,364,97,689,800,1146,455,270,1268,476,865,628,923,62,5078,115,2311,35210,222
ENSG00000199903.1,0,0,0,0,0,0,0,0,0,0,0,0,0,0,0,0,0,0,0,0,0,0,0,0,0,0,0,0,0,0,0,0,0,0,0,0,0,1,0,1,0,0,0,0,0,0,0,0,0,0,0,0,0,0,0,0,0,0,0,0,0,0,0,0,0,0,0,0,0,0,0,0,0,0,0,0,0,0,0,0,0,0,0,0,1,1,0,0,0,0,0,0,0,0,0,0,0,0,0,0,0,0,0,0,0,0,0,0,0,0,0,0,0,0,0,0,0,0,0,0,0,0
ENSG00000257885.1,0,0,0,0,0,0,0,0,0,0,0,0,0,0,0,0,0,0,0,0,0,0,0,0,0,0,0,1,0,0,0,0,0,0,0,0,0,0,0,1,0,0,0,0,0,0,0,0,0,0,0,0,0,0,0,0,0,0,0,0,0,0,0,0,0,0,0,0,0,0,0,0,0,0,0,0,0,0,0,0,0,0,0,0,0,0,0,0,0,0,0,0,0,0,0,0,0,0,0,0,0,0,0,0,0,0,0,0,0,0,0,0,0,0,0,0,0,0,0,0,0,0
ENSG00000200058.1,0,0,0,0,0,0,0,0,0,0,0,0,0,0,0,0,0,0,0,0,0,0,0,0,0,1,0,0,0,0,0,0,0,0,0,0,0,0,0,0,0,0,0,0,0,0,0,0,0,0,0,0,0,0,0,0,0,0,0,0,0,0,0,0,0,0,0,1,0,0,0,0,0,0,0,0,0,0,0,0,0,0,0,0,0,0,0,0,0,0,0,0,0,0,0,0,0,0,0,0,0,0,0,0,0,0,0,0,0,0,0,0,0,0,0,0,0,0,0,0,0,0
ENSG00000218358.2,0,0,0,0,0,0,1,0,0,0,0,0,0,2,1,1,1,0,1,3,0,1,0,0,0,1,1,0,1,1,0,1,1,2,3,1,2,5,4,2,1,1,1,0,0,3,3,3,0,7,1,4,0,0,1,0,7,8,22,0,6,0,1,1,0,0,2,3,3,0,1,0,0,0,0,0,0,1,0,5,3,0,1,0,0,0,0,0,1,1,0,0,2,0,0,0,0,0,3,0,0,0,2,0,0,0,0,0,0,0,0,0,0,1,1,1,0,8,1,1,3,3
ENSG00000266460.1,0,0,0,0,0,0,0,0,0,0,0,0,0,0,0,0,0,0,0,0,0,0,0,0,0,0,0,0,0,0,0,0,0,0,0,0,0,0,0,0,0,0,0,0,0,0,0,0,0,0,0,0,0,0,0,0,0,0,0,0,0,0,0,0,0,0,0,0,0,0,0,0,0,0,0,0,0,0,0,0,0,0,0,0,0,0,0,0,0,0,0,0,0,0,0,0,0,0,0,0,0,0,0,0,0,0,0,2,0,0,0,1,0,0,0,0,0,0,0,0,0,0
ENSG00000264091.1,0,0,0,0,2,2,2,0,1,3,0,1,1,0,3,1,3,2,0,0,0,1,0,1,3,1,1,1,1,0,0,3,2,2,1,4,4,4,2,2,2,2,0,3,1,6,5,3,4,2,3,0,2,3,1,0,1,0,2,5,1,2,0,1,1,1,4,3,0,2,5,0,2,0,1,0,1,0,0,0,0,2,1,0,4,1,3,4,0,1,0,0,0,0,2,0,0,4,1,1,1,2,0,2,2,1,0,1,5,2,2,2,0,1,2,1,0,1,0,1,3,1
ENSG00000238921.2,0,3,2,0,5,0,2,0,0,0,0,1,0,3,1,0,0,1,1,4,0,1,1,2,0,0,0,0,0,3,0,0,0,0,0,0,0,0,0,0,0,0,0,0,0,0,0,0,0,3,2,0,1,0,0,0,1,0,2,3,0,0,4,0,0,0,0,0,0,0,0,0,1,0,1,0,0,0,0,2,0,0,0,0,0,4,1,2,4,0,0,0,0,2,1,0,3,0,0,0,0,2,0,0,1,0,0,0,0,0,0,0,0,0,3,2,0,0,0,0,0,2
ENSG00000269349.1,1,1,0,0,2,1,0,0,2,0,0,0,0,0,0,0,0,0,0,0,1,1,1,0,0,2,2,2,0,0,1,4,0,1,0,0,0,1,0,4,1,4,3,0,0,0,0,0,1,0,0,0,2,0,1,1,5,0,1,1,0,0,0,0,0,1,1,0,3,2,1,0,0,0,1,0,0,0,0,1,2,2,0,1,0,0,0,0,1,1,0,0,2,1,0,1,1,0,0,0,1,1,0,0,1,0,0,2,0,1,1,0,0,0,1,2,1,0,0,0,0,0
ENSG00000231078.1,0,0,0,0,0,0,0,0,0,0,0,0,0,0,0,0,0,0,0,0,0,0,0,0,0,0,0,0,0,0,0,0,0,0,0,0,0,0,0,0,0,0,0,0,0,0,0,0,0,0,0,0,0,0,0,0,0,0,0,0,0,0,0,0,0,0,0,0,0,0,1,0,0,0,0,0,0,0,0,0,0,0,1,0,0,0,0,0,0,0,0,0,0,0,0,0,0,0,0,0,0,0,0,0,0,0,0,0,0,0,0,0,0,0,0,0,0,0,0,0,0,0
ENSG00000236998.2,3,2,0,2,8,2,3,2,1,1,1,5,0,2,0,2,1,5,2,1,6,6,0,2,6,1,8,4,2,1,0,7,7,4,0,2,2,10,15,15,2,2,5,4,2,7,11,3,0,3,3,2,3,0,6,2,3,0,1,5,0,1,0,1,1,0,7,1,23,2,0,1,1,2,0,3,1,0,2,3,5,1,1,4,2,3,1,8,2,5,4,1,3,2,3,0,5,6,8,5,2,1,3,1,5,1,1,4,5,1,1,3,0,2,3,9,1,0,1,0,3,1
ENSG00000224563.1,23,27,20,34,26,38,18,22,31,19,13,20,14,16,14,36,29,26,16,28,21,36,25,31,62,47,9,30,20,17,27,31,34,32,45,50,21,37,15,41,36,13,32,16,25,30,27,24,42,18,29,21,19,38,34,19,33,19,47,47,27,41,28,33,13,27,40,30,24,26,24,12,18,17,26,15,20,32,17,13,20,33,11,38,20,28,31,36,18,16,10,19,18,34,29,21,21,13,28,30,31,32,20,8,28,10,16,20,28,17,24,36,2,7,31,35,16,8,12,21,24,16
ENSG00000246526.2,6,12,8,7,17,6,15,1,3,16,2,8,5,7,6,13,7,10,14,18,12,11,5,4,9,22,18,16,5,2,3,20,13,21,82,2,9,19,6,9,6,11,9,4,6,6,12,11,19,10,7,14,12,11,12,7,6,27,5,14,1,1,4,7,4,6,4,14,10,8,4,3,3,11,4,5,2,5,4,8,13,6,1,17,18,13,10,8,10,8,20,13,14,12,10,18,8,32,12,9,14,3,18,8,33,12,10,36,16,5,8,14,10,2,15,19,16,12,12,19,13,12
ENSG00000241670.2,0,0,0,0,0,0,0,0,0,0,0,0,0,0,0,0,0,0,0,0,0,0,0,0,0,0,0,0,0,0,0,0,0,0,0,0,0,0,0,0,0,0,0,0,0,0,0,0,0,0,0,0,0,0,0,0,0,0,0,0,0,0,0,0,0,0,0,0,0,0,0,0,0,0,0,0,0,0,0,0,0,0,0,0,0,0,0,0,0,0,0,0,0,0,0,0,0,0,0,0,0,0,0,0,0,0,0,0,0,0,0,0,0,0,0,0,0,0,0,0,0,0
ENSG00000259659.1,12,15,22,23,19,17,16,27,19,10,7,19,13,21,16,28,14,17,13,21,12,22,9,16,32,14,15,16,12,9,37,28,24,38,19,44,32,18,14,8,14,10,30,28,14,44,14,36,25,15,8,6,29,43,22,25,18,7,8,27,20,36,8,16,23,18,16,25,27,18,22,14,13,13,13,21,4,20,16,12,18,19,29,48,27,24,21,34,16,28,9,14,24,31,39,29,28,22,21,30,25,15,17,16,34,18,18,33,12,17,25,28,8,11,23,22,9,2,14,12,18,16
ENSG00000202175.1,0,0,0,0,0,0,0,0,0,0,0,0,0,0,0,0,0,0,0,0,0,0,0,0,0,0,0,0,0,0,0,0,1,0,0,0,0,0,0,0,2,0,0,0,0,0,0,0,0,0,0,1,0,0,1,0,0,0,0,0,0,0,0,0,0,0,0,0,0,0,0,0,0,0,0,0,0,0,0,0,0,0,0,0,0,1,0,0,0,0,0,1,0,0,0,0,0,0,0,0,0,0,0,0,0,0,0,1,0,0,0,2,0,0,0,0,0,0,0,0,0,1
ENSG00000174442.7,49,64,52,72,98,67,56,51,72,79,35,56,59,79,72,142,112,128,112,74,63,97,98,273,122,309,130,310,91,79,122,238,226,370,262,87,228,128,169,206,115,255,152,94,143,107,226,99,234,149,139,189,169,294,233,71,308,514,236,90,595,97,110,203,253,92,200,225,204,273,175,82,106,79,131,102,62,123,64,93,261,57,80,91,84,104,79,86,122,96,79,159,99,79,97,146,81,103,158,131,103,104,83,120,134,84,86,151,272,83,89,173,115,85,114,156,118,463,100,189,289,101
ENSG00000120662.11,97,121,110,75,168,110,119,85,155,143,110,137,104,167,151,84,133,164,111,149,140,135,64,127,259,297,177,141,162,144,112,166,110,175,156,104,120,267,287,60,299,255,107,157,182,212,165,125,276,138,243,390,251,176,140,99,279,148,98,181,376,212,136,153,235,130,224,362,259,232,160,153,172,163,122,271,119,157,136,159,247,144,112,180,257,247,153,178,212,201,166,189,146,136,169,259,150,185,219,133,218,144,165,155,220,213,162,215,128,225,171,208,183,231,245,263,233,201,140,103,138,215
ENSG00000235523.1,1,34,17,15,25,10,14,12,6,7,10,8,5,11,14,9,24,18,21,17,8,5,78,23,23,0,10,5,21,20,12,1,7,2,67,49,6,14,4,6,0,2,11,3,3,31,9,3,71,58,25,1,18,4,2,19,11,1,6,24,68,7,10,1,23,5,13,4,0,2,0,19,3,18,37,18,9,9,19,29,2,26,14,50,29,26,18,16,6,10,1,6,15,19,11,23,14,13,12,5,7,17,2,22,7,7,8,30,8,15,11,30,6,16,14,22,41,14,32,4,19,32
ENSG00000249848.1,17,11,7,7,3,22,13,11,11,14,5,24,11,5,11,12,9,7,10,10,9,3,16,14,14,0,3,1,13,8,3,8,8,10,3,13,8,8,11,21,18,5,7,8,13,6,15,21,22,8,10,9,8,3,1,10,7,0,5,18,6,19,7,3,5,2,2,32,9,3,8,6,5,8,7,9,11,21,6,7,8,21,1,15,7,4,12,23,9,10,8,7,5,8,7,2,8,4,9,1,13,8,5,9,3,11,7,7,5,9,0,14,2,2,10,29,8,3,4,6,3,9
ENSG00000265704.1,0,0,0,0,0,0,0,0,0,0,0,0,0,0,0,73,0,0,0,0,0,0,0,0,0,0,0,0,0,0,0,0,0,0,1,0,21,10,4,5,0,2,0,1,0,0,0,1,0,0,0,1,0,0,0,0,1,3,0,0,1,41,0,9,3,0,5,0,0,0,0,3,0,0,0,0,0,0,0,0,0,0,0,0,0,0,0,0,0,0,0,0,0,0,0,0,0,0,0,0,0,0,0,0,0,0,0,0,0,0,0,0,0,0,0,0,0,0,0,4,0,0
ENSG00000125827.4,1084,1106,1205,1639,1745,1276,1328,1147,1373,985,915,1239,1126,1733,1719,819,1900,2624,1872,980,1235,1933,1555,2562,1114,1252,2033,4963,1307,2214,1133,1124,1676,1671,1267,1262,1188,1819,1977,3828,1149,1565,872,2316,2481,1222,3548,825,1185,1638,1696,5730,1775,420,1022,1623,596,2202,1062,1923,2500,679,2686,1468,2328,1440,1317,2065,969,722,1829,1359,1442,1495,1984,1824,704,1705,1416,1617,2725,936,1878,2350,1669,2239,1688,1783,1972,1979,1396,2220,2421,1729,2479,3180,1706,1747,2146,2297,2373,1806,1654,2784,2472,1837,2342,3102,3738,1890,2151,2967,2111,1179,2473,2729,2674,3165,2319,1410,4849,2062
ENSG00000230225.1,2,2,4,3,4,3,2,2,5,8,0,4,1,5,1,8,4,3,1,9,6,0,0,4,3,0,4,3,6,3,1,5,3,3,4,3,4,11,1,13,1,0,2,0,2,8,1,6,5,1,6,1,9,6,14,4,38,1,4,8,3,8,0,2,0,2,5,0,1,8,17,3,2,1,2,7,0,1,0,1,1,4,1,6,4,4,3,9,7,5,1,9,2,11,7,4,7,2,9,6,14,8,5,1,5,2,7,8,2,6,2,1,2,8,9,13,4,0,1,6,2,4
ENSG00000239877.2,0,0,0,0,0,0,0,0,0,0,0,0,0,0,0,0,0,0,0,0,0,0,0,0,1,0,0,0,0,0,0,0,0,1,5,0,0,24,1,0,1,0,0,0,0,0,0,1,1,0,1,0,1,0,0,0,1,0,3,0,0,0,0,1,0,1,2,0,1,0,0,0,0,1,0,0,0,0,0,0,0,0,0,1,1,0,0,0,1,1,0,0,0,0,0,0,0,0,0,0,0,0,0,0,0,0,1,1,0,2,0,0,0,0,0,2,0,0,0,0,0,1
ENSG00000201398.1,0,0,0,0,0,0,0,0,0,0,0,0,0,0,0,0,0,0,0,0,0,0,0,0,0,0,0,0,0,0,0,0,0,0,0,0,0,0,0,0,0,0,0,0,0,0,0,0,0,0,0,0,0,0,0,0,0,0,0,0,0,0,0,0,0,0,0,0,0,0,0,0,0,0,0,0,0,0,0,0,0,0,0,0,0,0,0,0,0,0,0,0,0,0,0,0,0,0,0,0,0,0,0,0,0,0,0,0,0,0,0,0,0,0,0,0,0,0,0,0,0,0
ENSG00000272905.1,2,1,0,1,0,2,0,0,3,0,0,5,5,1,5,3,1,1,6,8,4,2,0,2,7,1,3,3,0,1,2,2,7,5,6,6,2,4,9,12,1,0,3,8,4,5,3,8,3,9,4,5,4,5,2,0,12,5,4,5,1,1,2,2,1,3,1,1,5,8,6,0,0,1,3,0,4,2,0,1,6,4,2,4,2,1,1,2,0,4,2,0,1,2,3,1,2,2,1,2,4,2,0,0,5,1,0,2,4,2,0,4,2,2,0,5,2,2,0,0,1,1
ENSG00000215386.6,381,237,270,156,351,238,298,137,217,296,225,334,195,405,171,213,252,403,259,288,210,202,228,85,219,254,377,180,313,252,105,281,404,283,7,446,288,265,44,21,674,181,157,51,29,201,509,359,255,92,46,310,352,48,24,450,213,104,80,294,146,248,524,128,127,176,387,72,252,93,62,260,244,334,283,223,170,378,398,300,130,368,345,539,398,403,314,372,383,651,371,364,240,235,294,364,300,246,249,266,524,322,406,222,498,295,308,384,430,365,341,316,190,167,465,477,303,287,288,301,140,398
ENSG00000164647.4,44,52,121,178,176,115,149,181,491,148,40,138,316,68,354,4,200,89,201,40,86,155,1,62,423,452,269,76,123,148,5,67,85,411,87,57,49,14,177,71,232,640,179,9,287,252,321,45,208,494,518,48,464,1157,56,41,221,2,93,166,107,50,135,423,590,15,135,5,246,43,21,221,228,432,89,702,490,131,146,91,574,89,111,175,78,123,178,434,171,205,120,88,215,222,104,163,338,61,186,202,62,101,162,294,243,289,120,161,138,179,150,77,231,564,314,260,244,1831,115,150,72,279
ENSG00000225630.1,3,7,3,0,0,3,1,0,0,1,0,6,1,147,1,0,0,6,2,5,1,0,1,5,3,3,0,1,3,2,1,0,0,0,1,3,12,3,2,2,0,1,0,9,3,271,3,3,2,1,2,1,2,0,1,2,5,0,1,3,2,4,0,0,1,0,2,2,3,0,2,0,2,2,1,0,4,0,7,2,0,8,1,488,4,7,2,1,7,6,3,3,2,9,3,3,3,3,3,4,4,6,6,145,5,4,15,1,3,2,3,4,2,1,5,6,0,4,3,15,0,1
ENSG00000230231.1,1,1,0,1,0,0,0,0,1,3,1,1,0,0,0,3,2,1,1,0,3,0,0,0,1,0,4,1,3,0,0,1,2,7,6,0,9,54,8,1,1,0,0,0,0,1,3,15,20,2,2,4,23,0,0,1,12,10,1,3,1,24,0,5,0,5,13,0,4,2,0,2,0,0,0,1,1,0,0,0,3,0,0,0,1,1,0,5,1,0,0,3,1,1,0,0,3,1,0,0,1,1,2,1,0,0,0,0,2,2,0,2,0,0,1,3,0,1,1,3,0,2
ENSG00000231880.1,0,0,0,0,0,0,0,0,0,0,0,0,0,0,0,0,0,0,0,0,0,0,0,0,0,0,0,0,0,0,0,0,0,0,0,0,0,0,0,0,0,0,0,0,0,0,0,0,0,0,0,0,0,0,0,0,0,0,0,0,0,0,0,0,0,0,0,0,0,0,0,0,0,0,0,0,0,0,0,0,0,0,0,0,0,0,0,0,0,0,0,0,0,0,0,0,0,0,0,0,0,0,0,0,0,0,0,0,0,0,0,0,0,0,0,0,0,0,0,0,0,0
ENSG00000103089.4,0,0,0,2,18,1,3,0,0,1,3,0,1,2,1,0,3,0,0,4,5,11,0,0,1,2,7,1,2,0,0,9,0,1,10,0,1,0,0,0,0,6,68,0,0,1,3,5,38,1,2,0,1,1,3,1,15,0,1,3,1,1,0,0,0,0,1,0,5,38,2,1,2,0,0,0,0,0,0,2,0,1,0,1,5,3,3,2,3,0,4,3,17,1,8,15,3,5,39,15,4,4,2,14,6,1,3,26,0,7,5,10,2,3,6,17,2,3,0,3,2,4
ENSG00000227489.1,10,12,4,1,11,5,4,14,5,11,3,5,1,19,14,12,5,14,11,12,18,0,6,0,13,11,5,0,9,6,10,1,27,6,0,43,8,79,6,3,8,1,0,21,8,19,23,27,6,4,24,35,7,26,1,5,1,11,6,19,3,4,10,10,3,6,29,117,6,1,5,4,6,5,3,10,23,15,7,15,5,24,5,7,6,6,6,5,4,9,5,4,5,3,3,4,4,2,3,2,13,7,3,0,5,7,7,6,16,2,2,4,1,5,9,14,8,4,10,22,6,8
ENSG00000226688.2,51,70,51,49,78,66,69,49,30,84,50,48,21,69,50,31,66,112,66,92,101,84,45,136,149,95,91,66,85,58,93,173,144,126,55,119,62,170,88,57,134,61,92,90,78,117,86,235,107,46,94,96,157,126,156,114,56,113,62,129,50,87,80,68,68,79,191,231,91,84,71,39,43,59,59,54,58,55,48,82,90,54,44,75,83,85,53,97,74,88,89,50,73,54,100,96,93,95,95,74,120,53,70,45,140,59,72,149,106,99,84,105,55,31,123,182,72,58,45,67,74,99
ENSG00000013392.6,102,163,68,75,149,97,150,153,77,106,83,120,110,94,160,167,129,160,117,88,124,117,66,170,172,275,145,187,170,122,73,213,126,144,128,71,149,137,151,126,124,159,93,46,58,100,180,101,183,215,162,295,140,124,149,195,162,121,149,92,140,99,96,187,108,107,188,70,139,317,95,102,168,162,137,227,139,129,120,122,221,113,141,147,276,276,98,91,211,215,132,146,169,181,124,162,137,149,209,156,191,108,158,129,134,140,103,142,225,143,148,135,114,155,144,191,172,406,73,175,217,154
ENSG00000258279.2,0,0,0,0,0,0,0,0,0,0,0,0,0,0,0,0,0,0,0,0,0,0,0,0,0,0,0,0,0,0,0,0,0,0,0,0,0,0,0,0,2,1,0,0,0,0,0,0,0,2,0,0,0,0,1,0,0,0,0,0,0,0,0,0,0,0,0,2,0,0,0,0,0,0,0,0,0,1,0,0,0,0,0,0,0,0,1,0,1,0,0,0,0,0,0,0,0,1,0,0,0,0,0,0,0,0,0,0,0,0,0,0,0,0,0,0,0,1,0,0,0,2
ENSG00000250929.2,0,0,0,0,0,0,0,0,0,0,0,0,0,0,0,0,0,1,3,0,0,0,0,0,0,0,0,0,0,0,0,1,0,0,1,0,5,0,3,0,0,0,1,0,16,3,0,2,0,0,2,0,2,108,8,0,0,1,0,9,0,0,0,0,0,0,0,0,0,0,1,1,0,0,0,1,2,0,0,0,0,0,0,1,0,1,2,0,0,1,0,1,0,0,0,5,0,5,0,0,13,0,0,0,9,0,0,1,0,0,1,0,0,0,0,0,0,4,0,7,0,1
ENSG00000204581.2,2,2,3,0,4,3,2,1,1,3,0,1,0,0,2,6,1,3,2,0,3,7,0,1,3,2,4,2,2,3,2,4,1,4,2,5,4,7,5,6,3,2,6,2,1,2,2,0,0,1,4,2,5,1,6,4,2,35,4,4,4,1,0,6,0,7,5,2,1,1,1,2,1,2,0,0,0,3,3,1,6,2,1,0,0,1,2,3,3,1,5,1,0,0,3,7,0,8,4,7,5,3,3,2,2,0,2,3,2,1,1,4,0,0,4,11,1,2,2,1,6,1
ENSG00000265515.1,0,1,1,1,1,0,1,0,1,1,1,0,2,2,2,1,0,0,0,0,1,1,0,1,0,0,1,0,0,0,0,1,0,0,0,0,0,1,0,1,0,1,1,0,0,0,0,0,1,0,1,0,0,0,2,0,1,0,0,0,0,0,0,0,1,2,1,0,1,1,1,0,0,0,0,0,1,0,2,0,0,2,0,1,0,2,0,0,0,0,1,0,1,0,0,1,0,0,0,0,1,0,0,0,1,1,0,0,0,1,0,0,0,1,0,0,0,0,0,0,0,0
ENSG00000225620.1,0,0,0,0,0,0,0,0,1,0,0,0,0,0,0,0,0,0,0,0,0,1,0,0,0,0,0,0,0,0,0,0,0,0,0,0,0,0,0,0,0,0,0,2,0,1,1,0,0,0,0,0,0,0,1,0,0,0,0,0,0,0,0,0,0,1,0,0,0,1,1,0,0,0,0,0,0,0,0,0,0,0,0,0,0,1,0,0,0,1,1,0,0,1,0,0,0,0,0,0,0,1,0,0,0,0,0,1,0,0,1,0,0,0,0,0,0,0,0,0,0,0
ENSG00000232638.1,0,0,0,0,0,1,1,0,0,0,0,0,0,0,0,0,0,0,0,0,0,0,0,0,0,0,0,0,0,0,0,0,0,0,0,0,0,0,0,0,0,0,0,0,0,0,0,0,0,0,0,0,0,0,0,0,0,0,0,0,0,0,0,0,0,0,0,0,0,0,0,0,0,0,0,0,0,0,0,0,0,0,0,0,1,0,0,0,0,0,0,0,0,0,0,0,0,2,0,0,0,0,0,1,0,0,1,0,0,1,0,0,0,0,0,1,0,0,0,0,0,0
ENSG00000206260.2,0,0,0,0,0,0,0,0,0,0,0,0,0,0,0,0,0,0,0,0,0,0,0,0,0,0,0,0,0,0,0,0,0,0,0,0,0,0,0,1,0,0,0,0,0,0,0,0,0,0,0,0,0,0,0,0,0,0,0,0,1,0,0,0,0,0,0,0,0,0,0,0,0,0,0,0,0,0,0,0,0,0,0,0,0,0,0,0,0,0,0,0,0,0,0,0,0,0,0,0,0,0,0,0,0,0,0,0,0,0,0,0,0,0,0,0,0,0,0,0,0,0
ENSG00000237786.1,7,17,12,13,29,10,8,5,6,6,6,11,5,6,1,0,11,22,20,5,7,8,10,11,14,0,2,3,15,13,16,3,7,5,6,44,9,16,2,9,4,2,2,20,11,2,7,7,7,7,2,3,7,1,14,11,6,2,1,10,0,2,7,2,4,4,6,3,4,3,3,6,9,13,14,3,1,14,11,9,3,19,6,27,27,14,6,26,9,10,24,5,8,16,15,10,13,6,16,13,19,3,12,7,6,4,7,19,11,10,7,21,7,6,16,31,18,2,10,17,6,24
ENSG00000272911.1,2,3,8,2,10,1,5,4,4,0,2,5,2,7,2,4,4,3,2,5,4,6,2,10,6,4,2,1,3,2,1,6,1,3,1,8,4,0,0,2,9,1,5,1,2,4,2,5,6,6,0,4,5,2,2,1,4,0,3,7,2,3,3,4,3,1,3,2,4,0,1,0,5,1,2,0,5,1,3,3,1,6,8,15,14,9,8,7,4,8,7,4,7,8,9,17,3,21,8,12,2,4,3,6,10,2,5,11,5,11,6,4,1,3,3,11,2,3,1,1,11,3
ENSG00000184178.11,132,174,139,114,207,161,180,193,187,146,101,158,167,164,171,196,207,233,201,187,137,219,135,256,216,171,235,294,168,142,188,319,189,423,468,306,242,230,147,217,195,381,194,257,228,321,287,357,216,322,169,234,257,259,150,126,158,146,200,264,231,243,207,182,235,226,248,224,284,168,272,106,177,230,148,264,141,200,143,198,276,162,193,346,271,257,160,269,257,254,144,203,277,279,283,329,249,193,372,346,294,269,233,203,339,200,207,388,387,231,248,340,235,229,296,395,265,241,198,261,383,257
ENSG00000230039.1,0,0,0,0,0,0,0,1,1,0,0,0,0,0,0,0,0,0,0,0,0,0,0,0,1,0,0,0,0,0,0,0,1,0,0,0,0,0,0,0,0,0,0,0,0,0,0,0,0,0,0,0,0,0,0,0,0,0,1,0,0,0,0,0,0,0,0,0,0,1,0,0,0,0,0,1,0,0,1,0,0,0,0,1,0,0,0,1,0,1,0,0,0,0,0,0,0,0,0,0,0,0,0,0,0,1,0,0,0,0,1,0,0,0,0,0,0,0,1,0,0,0
ENSG00000105281.8,111,79,81,287,180,101,112,88,126,154,55,82,72,116,58,40,118,135,72,107,95,299,50,123,80,798,373,210,76,51,64,431,165,219,977,11,57,111,50,58,10,461,489,18,343,115,296,40,260,55,192,45,170,323,348,29,104,34,60,154,73,30,60,33,42,25,108,119,442,480,413,47,59,38,31,84,29,75,71,76,94,36,167,237,295,164,203,164,238,153,209,231,255,242,566,403,288,341,376,540,350,207,260,250,529,120,167,465,447,280,259,292,152,94,201,410,116,1222,70,106,165,150
ENSG00000244661.1,0,0,0,0,0,0,0,0,0,0,0,0,0,0,0,0,0,0,0,0,0,0,0,0,0,0,0,0,1,0,0,0,1,0,0,0,0,0,0,0,0,1,0,0,0,0,0,0,0,0,0,0,0,0,1,1,0,0,0,0,0,0,0,0,0,0,0,1,0,0,0,0,0,0,0,0,0,0,0,0,1,0,0,0,0,0,0,0,0,0,0,0,0,0,0,0,0,1,0,0,0,0,0,0,0,0,0,0,0,0,0,0,0,0,0,2,0,0,0,0,0,0
ENSG00000069399.8,79,262,347,180,119,164,247,303,268,103,185,359,359,155,247,145,143,96,95,105,52,132,125,146,68,127,83,131,129,77,30,103,119,214,295,161,213,90,25,165,47,88,179,52,37,123,170,611,164,134,113,45,233,121,680,139,189,30,66,200,72,241,55,55,36,24,69,62,93,101,83,82,162,95,271,295,145,68,137,114,79,375,517,852,343,257,331,451,220,171,119,249,416,443,519,571,445,656,551,331,164,539,136,400,431,349,233,184,386,258,323,324,176,504,240,200,294,579,406,418,1159,270
ENSG00000256014.1,0,0,0,0,0,0,0,0,0,0,0,0,0,0,0,0,0,0,0,0,0,0,0,0,0,0,0,0,0,0,0,0,0,0,0,0,0,0,0,0,0,0,0,0,0,0,0,0,0,0,0,0,0,0,0,0,0,0,0,0,0,0,0,0,0,0,0,0,0,0,0,0,0,0,0,0,0,0,0,0,0,0,0,0,0,0,0,0,0,0,0,0,0,0,0,0,0,0,0,0,1,0,0,0,0,0,0,0,0,0,0,0,0,0,0,1,0,0,0,0,0,0
ENSG00000164182.6,63,67,72,90,116,70,98,107,119,66,49,67,110,99,124,46,95,104,136,67,55,109,64,150,80,225,113,180,73,69,85,65,94,123,172,135,79,62,234,222,71,493,68,141,108,170,112,54,121,142,123,220,118,84,44,62,46,169,116,96,309,72,137,121,226,108,166,22,93,129,69,79,79,108,97,129,85,77,92,91,227,54,126,152,131,146,96,147,153,153,101,134,143,139,156,177,134,149,136,192,120,126,126,164,114,122,102,167,211,121,139,146,122,143,111,166,201,264,99,118,234,95
ENSG00000232879.2,2,1,0,2,0,0,0,3,0,2,0,3,0,0,1,5,4,0,3,0,2,5,5,2,3,0,4,2,0,0,4,9,6,6,5,2,8,1,5,9,6,1,3,2,2,0,15,2,5,4,3,10,6,2,4,3,0,3,3,0,1,1,2,3,1,3,4,15,12,3,5,1,2,0,1,0,0,1,2,5,1,5,4,3,1,1,2,1,1,1,4,0,6,0,3,1,3,3,2,0,3,1,0,1,0,1,0,2,4,1,7,3,1,0,4,3,4,1,3,4,2,2
ENSG00000105137.8,48,33,19,94,69,37,48,24,26,38,26,44,39,21,20,9,36,28,13,33,33,54,23,47,43,100,134,107,31,17,27,174,40,71,29,6,16,21,28,32,31,28,133,18,35,15,27,32,24,54,26,36,51,10,78,25,40,22,14,38,4,14,27,3,12,4,8,24,51,72,71,9,22,19,17,72,37,23,27,24,45,18,34,56,77,74,59,92,93,79,55,69,128,40,137,148,49,139,192,190,148,90,87,97,198,48,74,202,51,77,54,95,68,62,95,163,72,37,46,32,72,80
ENSG00000136381.8,931,915,999,1127,1275,1176,991,1020,1086,1176,760,1102,1171,1381,1124,987,1339,1419,1228,1124,1109,1364,1177,1681,1893,2130,1685,1760,1175,1207,1632,1539,1358,2065,1632,947,1113,1377,1254,1177,1484,2003,974,1618,2238,1353,2067,1095,1202,1527,1454,2133,1664,2072,1387,1073,1077,2218,1364,1489,3231,869,1554,1485,2080,1565,1220,1357,1411,1604,1351,1284,1353,1418,1358,1208,917,1381,1171,1258,2029,834,1333,1636,1450,1591,1225,1660,1409,1771,1313,1786,1319,1372,1241,1639,1319,1163,1913,1457,1800,1621,1649,1351,1623,1192,1315,1974,1517,1170,1208,1705,1048,1056,1479,2200,1797,1925,1272,1446,1973,1448
ENSG00000173566.9,18,25,20,6,41,16,35,14,12,24,17,23,17,26,18,65,44,38,25,27,22,37,26,30,25,24,54,42,29,18,14,53,28,34,66,38,17,40,48,34,40,31,52,29,40,24,64,57,56,19,51,43,51,19,36,23,36,21,37,19,145,20,24,24,49,15,32,57,26,58,19,25,23,26,18,30,13,28,14,25,51,16,27,21,63,62,49,57,54,29,49,36,43,32,56,62,40,89,111,43,65,33,61,67,78,37,39,99,51,43,57,56,58,37,58,79,50,96,34,83,28,77
ENSG00000153015.11,113,108,119,158,221,111,149,104,125,168,93,113,116,146,130,160,212,168,233,126,180,192,133,253,194,458,244,313,168,130,203,259,222,291,292,204,198,192,327,324,157,338,179,236,247,210,355,214,313,219,280,394,302,273,209,151,157,309,312,179,471,202,187,233,326,221,360,228,211,356,207,154,158,147,129,146,106,148,158,153,362,105,173,224,244,232,160,202,219,187,165,244,223,189,218,254,189,209,307,274,232,169,204,202,252,142,152,256,323,173,184,271,167,136,192,358,216,468,156,283,362,169
ENSG00000254978.2,0,4,1,1,2,2,2,2,2,3,0,0,1,2,3,6,4,2,2,4,2,2,8,10,28,1,3,3,1,1,3,6,5,3,4,9,9,4,4,7,6,5,1,7,3,18,7,10,6,7,5,8,7,7,3,7,1,5,3,7,1,6,5,0,4,1,4,6,6,0,7,1,4,3,1,5,2,2,0,3,2,4,2,3,3,6,2,1,7,4,3,1,4,2,1,3,2,5,4,6,4,2,2,2,2,4,4,4,10,2,3,2,1,0,3,6,10,4,6,2,3,4
ENSG00000214866.3,5,0,1,1,1,8,4,0,4,0,1,1,1,0,0,0,0,2,0,4,1,7,0,2,2,0,6,1,2,0,1,4,3,1,0,0,1,0,1,0,0,1,0,0,1,0,1,1,1,0,0,1,2,5,0,4,8,0,7,7,1,1,1,0,0,0,0,2,1,1,2,0,0,6,2,2,1,1,1,0,1,3,0,2,3,0,3,3,3,1,3,0,2,0,1,5,2,2,2,17,2,1,1,3,1,0,1,3,0,5,3,5,3,1,2,10,3,0,0,0,2,2
ENSG00000261949.1,0,0,0,0,0,0,0,0,0,0,0,0,0,0,0,0,0,0,0,0,0,0,0,0,0,0,0,0,0,0,0,0,0,0,0,0,0,0,0,0,0,0,0,0,0,0,0,0,0,0,0,0,0,1,0,0,3,0,0,0,2,0,0,0,0,0,0,0,0,0,0,0,0,0,0,0,0,0,0,0,0,0,0,0,0,0,0,0,0,0,0,0,0,0,0,0,0,0,0,0,0,0,1,0,0,0,0,0,0,0,0,0,0,0,0,0,0,0,0,0,0,0
ENSG00000202290.1,15,60,67,57,94,40,28,37,81,24,48,40,37,30,25,14,18,27,13,33,9,31,36,23,13,6,8,4,28,31,11,38,15,22,17,23,15,23,13,2,5,10,12,5,6,31,8,17,12,7,16,8,13,27,7,10,9,3,7,43,1,61,25,6,13,13,17,15,9,8,18,31,27,28,44,14,25,56,29,20,16,63,28,115,59,58,48,72,34,38,10,24,41,46,40,28,37,18,15,24,27,29,7,10,27,15,17,13,11,25,25,35,12,16,31,20,48,6,27,35,8,32
ENSG00000254578.1,0,0,0,0,0,0,0,0,0,0,0,0,0,0,0,0,0,0,0,0,0,0,0,0,0,0,0,0,0,0,0,0,0,0,0,0,0,0,0,0,0,0,0,0,0,0,0,0,0,0,0,0,0,0,0,0,0,0,0,0,0,0,0,0,0,0,0,0,0,0,0,0,0,0,0,0,0,0,0,0,0,0,0,0,0,0,0,0,0,0,0,0,0,0,0,0,0,0,0,0,0,0,0,0,0,0,0,0,0,0,0,0,0,0,0,0,0,0,0,0,0,0
ENSG00000240710.1,4,7,11,1,13,10,12,6,4,9,1,12,7,6,2,5,3,8,7,7,10,1,4,7,6,10,5,3,8,7,9,7,8,21,11,5,7,35,15,15,5,5,6,27,12,29,9,22,10,9,8,15,20,29,10,4,8,1,12,4,10,5,5,57,4,6,57,18,22,7,5,1,5,5,5,18,8,3,8,3,3,16,2,8,9,10,4,4,8,7,2,2,4,8,10,4,8,12,8,8,8,8,5,2,2,4,1,10,6,4,2,9,3,9,8,18,6,5,6,9,2,7
ENSG00000268889.1,0,0,0,0,0,0,0,0,0,0,0,0,0,0,0,0,0,0,0,0,0,0,1,0,0,0,0,0,1,1,0,0,0,1,1,0,2,1,0,0,5,0,0,0,0,0,0,2,0,0,0,0,0,0,0,0,0,2,0,0,0,0,0,0,1,0,0,1,2,0,0,0,0,0,0,0,0,0,0,0,0,1,0,0,0,0,1,0,1,0,0,0,0,0,0,0,1,0,0,1,1,0,0,0,0,0,0,0,0,0,0,1,0,0,0,0,0,3,0,0,1,1
ENSG00000268234.1,0,0,0,0,0,0,0,0,0,0,0,0,0,0,0,0,0,0,0,0,0,0,0,0,0,0,0,0,0,0,0,0,0,0,0,0,0,0,0,0,0,0,0,0,0,0,0,0,0,0,0,0,0,0,0,0,0,0,0,0,0,0,0,0,0,0,0,0,0,0,0,0,0,0,0,0,0,0,0,0,0,0,0,0,0,0,0,0,0,0,0,0,0,0,0,0,0,0,0,0,0,0,0,0,0,0,0,0,0,0,0,0,0,0,0,0,0,0,0,0,0,0
ENSG00000225215.1,14,12,16,17,21,13,25,11,11,20,3,13,9,11,14,19,6,19,23,14,15,19,14,20,6,17,13,5,11,22,16,30,13,15,18,18,18,13,14,14,9,9,10,17,14,18,8,23,27,11,18,13,20,8,23,13,9,6,19,11,10,24,4,12,7,14,20,23,27,12,22,9,13,10,9,3,5,10,5,13,9,23,5,24,20,22,18,16,17,20,18,10,16,8,19,20,14,13,34,12,21,15,21,5,30,11,15,19,12,7,10,23,5,8,16,21,7,7,7,14,26,18
ENSG00000036448.5,47,59,84,23,71,40,78,44,28,46,46,146,62,60,7,27,10,6,31,32,17,38,39,13,11,5,79,28,17,31,30,22,13,19,2,2,2,10,4,1,0,24,30,4,10,1,4,9,8,16,36,8,12,13,5,61,7,3,3,76,2,3,208,2,3,6,9,16,16,10,6,110,79,28,32,51,29,34,54,61,2,53,219,53,60,126,105,55,86,47,34,51,30,48,65,135,64,235,79,29,57,567,90,53,41,47,109,115,1,59,106,51,92,268,43,53,70,4,72,16,9,92
ENSG00000257246.1,5,18,8,5,10,8,13,4,4,14,2,14,2,16,9,32,10,15,10,12,9,7,21,13,49,7,13,13,7,5,7,27,17,16,30,36,38,20,15,16,19,9,13,9,23,67,18,23,32,7,4,5,23,18,23,19,16,16,19,27,3,7,7,13,4,8,23,28,33,14,20,6,4,7,6,9,5,6,4,13,6,16,2,14,10,15,6,12,6,10,12,6,7,9,5,4,7,14,22,4,22,7,7,3,17,8,10,17,13,7,8,14,6,5,16,31,2,3,3,4,14,18
ENSG00000250210.3,0,0,0,0,0,1,0,0,0,0,0,0,0,0,0,0,1,2,0,0,0,1,0,0,0,0,0,0,0,0,0,1,0,2,2,0,0,0,1,1,0,0,2,0,0,0,0,0,0,0,1,0,0,0,0,0,0,0,0,0,0,1,0,1,0,0,1,0,0,0,0,0,1,0,2,0,0,0,0,1,1,0,0,0,0,0,0,1,0,2,0,0,0,1,0,0,1,2,1,2,0,0,0,0,0,1,0,1,2,2,0,0,0,0,1,0,0,1,0,1,1,1
ENSG00000185269.7,13,48,40,5,60,8,38,20,56,27,43,146,56,55,9,0,22,294,50,120,29,17,6,1,833,152,18,79,60,19,7,1,17,19,0,169,62,15,530,0,253,721,1,846,4892,1049,2,50,0,3,2,14,7,0,1,5,0,7,0,33,0,9,20,298,2,142,3,41,188,0,4,2,79,75,14,4,0,21,36,25,714,54,104,143,176,171,98,153,296,293,51,90,38,106,187,144,82,191,87,106,328,107,126,562,47,83,147,225,89,232,131,117,190,10,84,326,87,3,107,21,88,101
ENSG00000089116.3,0,0,2,0,0,0,0,0,0,0,0,0,0,0,0,0,0,0,0,0,0,0,0,0,0,0,0,0,0,0,0,0,0,0,1,0,0,0,0,2,0,0,0,0,0,0,0,0,0,0,0,0,0,0,0,0,0,0,0,0,0,0,0,0,0,0,0,0,0,0,0,0,0,0,0,0,0,0,0,0,0,0,0,0,0,0,0,0,0,0,0,0,0,0,0,0,0,0,0,0,0,0,0,0,0,0,0,0,0,0,0,0,0,0,0,1,0,0,0,1,0,0
ENSG00000264583.1,0,0,0,0,0,0,0,0,0,0,0,0,0,0,0,0,0,0,0,0,0,0,0,0,0,0,0,0,0,0,0,0,0,0,0,0,0,0,0,0,0,0,0,0,0,0,0,0,0,1,0,0,0,0,1,0,0,0,0,0,0,0,0,0,0,0,0,0,0,0,0,0,0,0,0,0,0,0,0,0,0,0,0,0,0,1,0,0,0,0,0,0,0,0,0,0,0,0,1,0,0,0,0,0,0,0,0,0,0,1,0,0,0,0,0,0,0,0,0,0,0,0
ENSG00000231027.1,1,1,0,7,0,0,0,1,0,1,0,1,2,2,1,0,0,0,0,9,0,11,0,0,3,1,1,3,3,0,1,0,0,2,0,0,0,0,0,3,2,1,6,0,2,0,0,0,0,4,0,2,11,0,2,1,0,0,1,2,0,0,1,0,0,2,1,0,1,2,0,1,2,2,0,1,1,3,2,1,0,0,2,1,13,0,3,0,2,2,5,5,1,0,8,5,6,1,1,2,1,5,5,2,4,2,4,10,0,7,3,6,0,0,2,2,2,1,1,1,0,5
ENSG00000224695.1,0,0,0,0,0,0,0,0,0,0,0,0,0,0,0,0,0,0,0,0,0,0,0,0,0,0,0,0,0,0,0,0,0,0,0,0,0,0,0,0,0,0,0,0,0,0,0,0,0,0,0,0,0,0,0,0,0,0,0,0,0,0,0,1,0,0,0,0,0,0,0,0,0,0,0,0,0,0,0,0,0,0,0,0,0,0,0,0,0,0,0,0,0,0,0,0,0,0,0,0,0,0,0,0,0,0,0,0,0,0,0,0,0,0,0,0,0,0,0,0,0,0
ENSG00000255189.1,8,7,6,5,15,2,1,0,3,9,5,6,1,1,2,25,8,7,7,13,3,5,17,9,2,1,8,3,5,7,7,9,22,6,1,41,6,7,2,14,6,10,4,2,3,50,22,11,34,5,9,13,9,96,23,21,0,1,5,7,6,11,20,29,5,3,60,3,22,4,3,2,3,8,1,1,4,15,5,9,5,0,4,2,7,15,2,9,6,6,9,5,7,4,7,12,10,4,25,9,13,4,5,1,10,2,1,11,21,10,7,8,7,4,11,17,8,9,12,12,10,5
ENSG00000164114.14,39,25,40,131,89,36,41,31,53,44,23,18,34,64,11,7,50,46,19,72,44,148,16,65,60,14,409,190,25,42,23,350,40,158,17,3,4,56,22,10,9,31,316,5,13,2,51,27,30,9,29,15,104,16,48,30,45,8,22,177,12,12,27,38,8,11,24,38,78,142,167,21,45,31,20,66,38,37,18,24,71,25,42,74,75,84,61,46,87,48,55,56,170,52,176,187,68,143,173,263,197,71,87,125,303,51,54,320,9,100,153,154,63,130,197,258,54,10,10,11,21,51
ENSG00000231699.1,8,5,3,2,2,2,7,2,1,3,3,2,4,0,6,3,5,4,2,4,4,7,3,4,4,0,1,3,3,2,4,10,9,7,11,6,9,6,4,8,7,4,6,8,9,10,7,8,8,7,7,5,5,8,1,2,6,4,2,8,1,1,1,9,5,2,8,9,9,8,17,4,2,3,4,4,3,4,5,1,7,1,4,10,5,7,3,5,2,6,3,3,4,2,2,4,5,5,12,3,4,3,3,0,5,4,1,5,4,2,1,4,1,2,1,3,0,0,2,2,2,2
ENSG00000251710.1,0,0,0,0,1,2,1,0,0,0,0,0,0,0,0,1,0,0,0,1,0,0,0,0,0,0,0,0,0,0,0,0,0,0,0,2,2,2,0,0,0,0,0,0,0,0,0,0,1,0,0,0,0,0,0,0,0,0,0,2,0,0,0,0,0,0,1,1,0,0,0,0,1,0,0,0,0,0,0,0,0,1,0,0,0,0,0,1,0,1,1,0,0,0,0,1,0,1,0,1,0,0,0,1,1,0,0,0,0,0,0,1,0,0,0,0,0,0,1,0,0,0
ENSG00000210184.1,8,20,10,4,5,12,81,3,0,3,4,11,9,1,4,1,22,9,2,3,4,1,18,5,8,6,5,16,8,0,4,9,3,4,41,6,3,2,2,29,7,12,8,9,2,5,2,3,21,36,6,0,14,0,4,4,3,0,3,3,2,42,2,5,3,2,18,0,8,1,2,2,12,15,2,2,3,4,10,3,4,14,10,31,20,12,19,25,7,7,8,9,10,23,5,20,8,33,9,18,2,24,9,8,7,11,11,14,11,9,10,16,12,8,6,12,9,7,5,16,8,7
ENSG00000179632.5,212,158,166,251,297,245,312,164,275,257,149,239,287,250,340,162,224,273,273,235,211,264,174,381,267,917,467,595,148,206,365,394,207,671,875,299,229,322,222,495,186,1481,345,571,202,357,508,148,273,371,577,390,730,769,479,130,258,213,316,209,1005,199,216,260,280,240,347,168,219,358,197,216,205,214,157,309,154,191,151,239,363,151,367,464,508,482,374,485,432,430,411,455,524,363,555,557,390,548,728,618,494,472,428,725,611,368,424,687,695,458,399,519,394,435,463,575,486,1226,340,657,664,490
ENSG00000224570.1,588,131,85,16,484,524,513,44,45,381,76,149,21,621,92,12,190,746,643,630,326,135,1012,346,697,12,106,173,211,640,51,7,184,54,59,1385,83,121,322,361,82,103,56,694,725,119,60,110,732,600,319,79,362,132,8,808,9,267,19,55,79,336,434,33,201,88,505,26,5,8,12,429,50,891,77,24,86,797,247,340,104,637,61,227,309,378,64,68,235,194,234,237,44,59,281,38,610,55,97,73,628,161,146,38,309,91,321,332,49,259,228,533,222,61,746,979,449,16,82,226,228,623
ENSG00000271677.1,0,0,0,0,0,0,0,0,0,0,0,0,0,0,0,0,0,0,0,0,0,0,0,0,0,0,0,0,0,0,0,0,0,0,0,0,0,0,0,0,0,0,0,0,0,0,0,0,0,0,0,0,0,0,0,0,0,0,0,0,0,0,0,0,0,0,0,0,0,0,0,0,0,0,0,0,0,0,0,0,0,0,0,0,0,0,0,0,0,0,0,0,0,0,0,0,0,0,0,0,0,0,0,0,0,0,0,0,0,0,0,0,0,0,0,0,0,0,0,0,0,0
ENSG00000114861.14,966,1118,1099,1336,1660,1848,1433,1420,1623,1132,716,1109,1048,1498,1099,706,1483,2118,1251,1682,976,1495,2117,1759,3151,1886,1495,2303,711,1047,1859,2196,1567,1930,1512,1917,990,2117,1576,3381,2168,3437,1598,2179,2679,1422,1738,1079,2585,1819,1474,1098,2493,1449,938,1700,1105,1349,1003,1713,2630,1480,1765,1276,1354,3741,1620,2235,2511,1906,1004,1683,869,1451,1218,1620,1214,1457,1188,994,1541,1452,1557,2514,1519,1335,1263,1227,1315,1524,1344,1968,1465,1824,1952,2002,1802,2039,2068,1588,2254,2088,1056,1531,2494,1126,1257,2654,2401,1412,1951,1948,1018,1619,2253,2655,1782,1615,1810,1434,3597,1577
ENSG00000268397.1,0,0,0,0,0,0,0,0,0,0,0,0,0,0,0,0,0,0,0,0,0,0,0,0,0,0,0,0,0,0,0,0,0,0,0,0,0,0,0,0,0,0,0,0,0,0,0,0,0,0,0,0,0,0,0,0,0,0,0,0,0,0,0,0,0,0,0,0,0,0,0,0,0,0,0,0,0,0,0,0,0,0,0,0,0,0,0,0,0,0,0,0,0,0,0,0,0,0,0,0,0,0,0,0,0,0,0,0,0,0,0,0,0,0,0,0,0,0,0,0,0,0
ENSG00000138193.10,92,126,136,232,286,119,144,214,140,143,65,142,126,160,175,189,218,244,166,239,171,305,99,751,507,358,375,622,202,392,114,607,257,538,654,212,302,373,445,1121,189,429,331,155,192,240,580,545,371,645,354,1440,369,1535,403,257,159,433,574,257,130,191,153,202,524,202,511,355,615,178,956,160,192,172,138,283,252,197,113,216,580,111,112,245,198,249,131,236,154,167,131,164,226,225,326,311,173,201,448,375,251,144,170,156,441,113,163,342,267,267,205,239,151,219,256,310,254,537,186,213,510,212
ENSG00000243073.3,0,1,0,0,0,2,0,0,1,0,0,0,0,0,19,6,1,26,3,0,1,0,72,22,20,0,1,1,41,3,0,1,3,466,0,1,2,0,0,634,0,34,0,1,0,0,4,12,22,14,4,29,40,0,0,1,0,8,2,67,4,345,4,49,0,7,6,0,0,0,0,218,2,0,1,45,3,1,0,16,30,0,0,0,0,0,0,0,1,0,0,0,3,0,0,73,2,54,0,0,1,0,0,2,31,0,8,37,14,17,88,4,2,123,163,6,1,815,16,562,325,3
ENSG00000152942.14,209,232,254,187,338,253,239,201,299,282,189,284,308,318,288,262,425,367,424,254,329,336,375,543,315,600,538,594,280,341,385,454,374,452,475,378,361,410,539,801,326,748,271,544,424,373,505,370,528,354,437,875,628,493,412,288,240,636,502,364,1062,274,462,660,557,391,714,467,312,536,386,395,332,345,405,322,222,359,285,373,658,267,356,416,454,458,317,398,443,476,369,487,410,391,370,493,291,368,536,488,454,375,444,354,438,365,341,503,673,368,344,519,320,322,427,603,526,801,345,631,551,365
ENSG00000240809.1,12,3,4,10,3,8,3,4,7,4,2,0,1,4,3,2,3,3,0,2,1,2,0,3,1,1,5,3,1,4,1,2,1,4,2,0,1,2,1,12,0,5,10,4,4,1,4,6,5,8,1,1,3,2,0,1,2,0,3,4,1,1,3,5,2,1,3,8,0,1,5,0,1,0,3,4,3,2,1,0,4,3,2,6,5,2,10,8,1,8,3,3,4,5,9,7,1,5,7,6,6,6,5,2,7,3,1,8,1,3,2,2,4,5,4,10,2,10,3,4,1,4
ENSG00000100968.9,45,26,27,114,91,35,60,31,41,63,35,48,15,29,12,40,33,25,10,48,40,169,35,76,37,55,266,103,18,24,19,332,32,102,19,15,63,27,40,16,108,100,366,23,28,71,65,84,35,20,32,21,145,23,32,28,52,45,300,72,226,49,25,49,120,41,48,93,89,56,54,12,36,13,11,91,18,23,10,28,46,22,35,125,90,150,80,79,99,67,72,50,118,54,312,244,80,244,239,327,199,68,75,139,348,32,97,324,49,131,142,143,91,77,92,225,40,35,16,21,70,120
ENSG00000272420.1,3,3,0,1,2,3,1,4,0,2,1,0,1,2,0,4,2,6,0,3,2,6,6,5,4,3,8,3,4,4,8,7,2,3,4,8,6,3,0,5,6,3,5,6,3,9,2,14,9,2,3,3,2,10,2,6,3,10,6,4,0,0,3,3,2,7,9,0,2,0,4,10,1,6,1,2,3,2,7,4,0,3,4,4,6,4,3,7,3,2,6,2,2,2,7,4,1,4,4,1,6,0,3,2,11,3,4,6,2,7,5,1,2,2,6,3,5,4,7,7,9,4
ENSG00000232363.1,0,0,0,0,0,0,0,0,0,0,0,0,0,0,0,0,0,0,0,0,0,0,0,5,0,0,1,2,0,0,0,3,2,1,0,2,3,0,0,0,2,0,0,0,1,0,1,1,1,1,1,0,0,0,3,0,2,3,4,0,0,1,0,0,0,0,2,5,5,0,10,0,0,0,0,0,0,0,0,0,1,0,0,0,0,0,0,0,0,0,1,0,2,0,0,2,0,1,2,0,0,0,0,0,0,0,0,0,3,1,0,0,1,0,0,0,0,1,0,0,6,0
ENSG00000227233.1,0,0,0,0,0,0,0,0,0,0,0,0,0,0,0,0,0,0,0,0,0,0,0,0,0,0,0,0,0,1,0,0,0,0,0,0,0,0,0,0,0,0,0,0,0,0,0,0,0,0,0,0,1,0,0,0,0,0,0,0,0,0,0,0,0,0,0,0,0,0,0,0,0,0,0,0,0,0,0,0,0,0,0,0,0,0,0,0,0,0,0,0,0,0,0,0,0,0,0,0,0,0,0,0,0,0,0,0,0,0,0,0,0,0,0,0,0,0,0,0,0,0
ENSG00000085721.8,598,664,714,1076,805,599,657,826,873,746,480,719,1171,694,1149,603,1097,923,896,629,657,824,989,900,865,572,949,1599,725,640,943,703,780,969,721,806,729,781,718,589,452,1679,542,905,721,419,492,459,927,912,502,980,862,424,606,534,493,1842,733,960,621,791,938,418,860,1084,688,779,728,576,802,639,1224,1043,1527,739,617,1199,798,1095,1155,899,1136,1603,1138,1229,1064,1175,1257,1003,960,1030,1600,1227,1266,1439,755,1067,1445,1782,952,1140,871,1536,1067,1275,1136,990,1437,900,1192,1894,990,944,1003,1134,1357,1448,1346,1064,983,1375
ENSG00000273311.1,25,40,35,35,46,33,35,13,17,24,26,38,20,43,32,65,35,55,31,46,19,52,49,48,52,60,41,48,12,20,38,85,52,32,69,99,92,48,26,66,52,80,37,47,51,84,54,65,56,32,30,29,64,32,39,57,37,27,46,42,69,80,16,37,53,36,90,58,68,45,38,41,17,40,23,30,26,37,17,52,31,53,27,32,43,43,32,30,32,42,28,27,42,17,48,41,28,43,104,36,60,43,26,38,64,33,29,61,53,50,34,46,23,18,45,70,36,24,53,40,72,36
ENSG00000259209.1,4,15,33,8,7,5,4,4,7,3,8,4,5,5,7,16,17,6,10,5,6,11,28,6,16,18,9,8,10,4,6,29,10,9,19,46,7,8,14,13,14,9,7,3,23,11,6,11,16,7,6,7,13,9,8,12,19,10,8,28,3,17,7,6,2,6,23,39,26,9,4,8,10,13,16,19,15,11,9,3,4,16,12,4,7,4,18,8,5,3,5,7,6,9,9,14,10,8,9,8,9,9,5,6,14,6,9,11,6,5,13,12,5,7,7,11,3,1,12,11,6,5
ENSG00000136169.12,307,219,204,121,408,211,318,125,210,433,178,278,213,312,234,282,466,481,325,372,321,335,359,290,632,489,549,557,260,299,317,400,339,407,287,431,266,411,600,311,738,819,262,443,388,516,308,262,640,283,446,566,612,212,398,220,332,422,418,301,384,258,306,288,356,514,447,602,348,545,369,284,260,371,235,181,184,376,259,294,356,295,251,350,486,423,314,295,377,437,437,363,360,254,417,403,278,420,723,422,567,306,368,343,505,266,397,608,385,408,351,462,257,178,410,786,379,345,238,334,412,423
ENSG00000121644.14,312,378,537,517,762,513,423,613,518,384,233,370,364,512,452,476,495,859,456,484,417,668,1078,1432,616,876,753,819,369,377,554,838,980,1005,818,425,764,764,840,1508,998,1866,669,912,491,527,848,267,699,506,698,892,801,485,1017,531,1280,1421,1678,512,1979,261,810,594,688,1146,416,611,971,1239,1700,532,398,334,526,522,336,412,303,888,765,273,444,597,551,589,477,532,568,433,427,483,747,465,672,724,455,488,760,848,634,546,472,690,737,560,430,911,1486,519,474,643,435,470,797,739,521,1203,789,1621,618,510
ENSG00000138495.2,232,221,289,208,355,258,350,219,399,225,238,315,419,362,328,245,333,294,399,242,146,228,228,372,327,158,239,318,262,259,216,147,237,438,216,217,236,266,176,442,177,610,125,428,117,183,429,167,380,254,194,312,260,145,181,128,191,392,350,245,573,163,272,335,405,507,251,176,142,306,128,358,305,302,400,301,222,319,362,252,393,197,616,725,647,562,464,678,530,627,524,565,496,534,587,774,501,621,460,530,441,631,477,577,466,537,533,396,866,521,475,616,684,556,526,542,877,749,502,534,873,553
ENSG00000135903.14,0,0,0,0,0,0,1,0,0,0,0,0,0,0,0,0,0,0,0,0,0,0,0,0,0,0,2,0,0,0,0,0,0,0,0,0,0,0,0,10,0,0,0,0,0,0,0,0,0,0,0,0,0,0,0,1,6,60,1,0,0,32,0,0,0,1,0,0,5,1,0,0,0,0,0,0,0,0,0,0,0,0,0,4,1,1,1,0,0,0,0,0,0,0,1,0,0,0,0,0,1,0,0,0,2,0,0,0,0,1,0,0,0,0,0,0,0,0,0,0,0,0
ENSG00000204528.3,7,16,7,11,12,6,13,10,6,2,1,3,4,7,104,39,27,53,8,15,3,31,27,54,24,32,15,4,11,22,26,16,23,8,63,39,53,19,10,8,5,20,129,10,222,38,114,85,59,42,13,27,6,11,27,23,162,23,12,16,38,8,27,25,15,14,33,66,23,49,61,12,12,20,10,17,27,11,18,18,8,14,4,28,28,14,16,25,29,7,24,8,30,12,16,29,15,14,38,12,24,4,13,7,35,4,10,30,30,10,23,25,15,11,24,35,7,135,7,43,67,7
ENSG00000251286.2,0,0,0,0,0,0,0,0,0,0,0,0,0,0,0,0,0,0,0,0,0,0,0,0,0,0,1,0,0,0,0,0,0,0,0,0,0,0,0,0,0,0,0,0,0,0,0,0,0,0,0,0,0,1,0,0,0,0,0,0,0,0,0,0,0,0,0,0,0,0,0,0,0,0,0,0,0,0,0,0,0,0,0,0,0,0,0,0,0,0,0,0,0,0,0,0,0,0,0,0,0,0,0,0,0,0,0,0,0,0,0,0,0,0,0,0,0,0,0,0,0,0
ENSG00000111863.8,12,18,17,27,27,44,25,25,130,20,6,24,18,20,124,7,85,38,22,20,8,21,2,3,83,5,24,23,18,54,8,7,24,10,23,1,27,29,3,32,2,12,8,6,3,8,10,8,54,7,254,5,185,3,126,56,7,30,19,33,10,33,13,0,5,15,28,4,7,34,9,22,15,37,10,9,23,32,14,58,23,17,26,14,19,19,22,53,14,12,33,36,23,34,27,59,26,17,36,44,29,21,26,17,22,138,13,18,17,20,14,45,12,4,24,33,19,19,15,37,12,37
ENSG00000101323.4,2656,3750,4035,925,4742,2435,3363,2650,3506,2300,3989,4577,4961,5186,3829,2421,3095,3658,3329,2117,2702,2263,3067,1800,1626,493,2131,2038,3190,2973,3622,59,1458,1224,816,2441,2295,1779,447,2211,1143,2792,183,6282,1561,1668,1234,1982,2902,2367,2538,4485,2252,568,87,1386,325,1739,1239,3392,4275,2173,4322,1540,2020,5980,2777,1874,12,38,362,3882,4915,3386,3893,2306,1568,3858,5190,2991,2386,2934,7061,7509,8033,7940,5094,7087,7698,7494,4949,6616,2905,7522,5949,7445,5021,5091,2590,2684,4484,5632,6127,5145,3263,5983,5946,3232,4183,6624,4921,5610,6833,4374,4422,4482,8871,2312,4930,3329,7987,5817
ENSG00000272456.1,9,7,8,1,15,15,10,11,15,2,5,16,7,16,26,4,5,5,5,25,0,0,2,9,1,2,9,20,5,6,26,1,2,35,2,3,32,13,0,3,4,66,0,10,0,3,18,5,4,1,40,11,13,2,1,1,2,7,5,7,11,12,3,13,1,4,6,0,1,2,3,10,6,5,2,14,3,8,10,7,1,6,10,11,5,13,16,9,15,9,18,15,4,4,6,5,9,7,8,8,4,26,5,10,12,18,2,7,14,10,20,4,6,8,10,10,9,77,3,19,3,5
ENSG00000263711.1,0,2,0,0,1,0,0,0,0,2,1,0,0,1,0,0,0,0,0,0,0,0,0,1,0,0,1,2,1,0,0,5,0,1,3,0,478,1,1,33,26,1,0,0,1,0,1,580,3,0,1,0,0,0,0,12,387,139,241,3,0,134,0,117,1,0,2,0,0,299,0,0,0,0,215,0,0,1,0,0,20,0,1,1,0,0,0,0,0,0,0,0,0,0,1,0,0,0,0,0,0,0,0,0,0,0,3,0,0,0,0,0,0,0,0,0,0,5,0,57,0,0
ENSG00000262662.1,0,0,1,1,1,0,1,1,0,1,0,0,0,1,0,0,0,0,0,1,0,0,0,2,1,0,1,1,0,0,0,3,1,1,0,3,3,1,0,1,0,1,0,1,1,1,0,2,0,0,1,0,2,0,1,1,1,1,0,0,0,2,1,0,3,0,0,0,3,1,1,0,0,0,1,0,0,0,0,0,0,0,2,1,0,1,0,0,1,1,0,1,1,0,0,2,0,1,1,0,0,2,0,2,2,2,0,0,1,1,0,1,0,0,0,1,1,0,0,0,1,0
ENSG00000219395.2,6,12,10,2,14,19,19,11,3,14,3,9,6,8,15,23,7,10,20,12,11,16,9,12,17,18,15,21,7,4,9,28,24,22,25,27,19,28,22,28,37,18,9,15,18,49,20,47,33,29,15,8,13,25,27,21,46,20,29,17,22,23,10,26,9,10,23,45,31,12,21,2,7,7,13,6,8,10,3,13,14,21,5,11,17,19,7,13,7,14,11,6,12,5,11,16,14,11,14,13,8,17,9,8,20,4,3,15,21,11,10,18,3,6,13,17,6,7,11,16,16,9
ENSG00000142528.11,56,105,110,131,125,107,79,150,129,66,60,123,169,118,175,113,127,128,113,89,96,137,113,135,155,456,162,369,85,77,117,278,123,210,349,175,210,160,186,497,130,455,87,174,111,303,343,100,282,190,146,248,203,347,118,134,129,781,144,147,238,145,206,205,380,290,236,279,192,238,239,70,113,103,163,118,77,131,88,120,205,127,148,170,182,179,141,221,148,172,133,116,174,210,185,180,148,139,219,238,150,165,133,124,201,110,121,195,283,150,146,203,117,121,137,184,166,433,144,228,504,150
ENSG00000103037.7,121,146,169,122,193,127,154,185,130,107,123,145,155,171,205,191,146,230,127,146,105,159,125,130,135,98,162,137,142,155,213,166,109,112,135,251,124,135,228,261,119,387,73,192,182,120,172,180,281,138,116,184,160,147,138,148,292,144,97,180,212,166,178,141,89,186,213,246,175,155,120,126,141,161,117,138,134,134,118,175,231,163,193,236,288,253,172,234,170,216,130,151,197,206,234,247,202,259,221,225,177,202,142,192,212,135,155,198,136,186,182,195,148,178,231,250,244,197,171,236,223,226
ENSG00000255349.1,0,0,0,0,0,0,0,0,0,0,0,0,0,0,0,0,0,0,0,0,0,0,0,0,0,0,0,0,0,0,0,0,0,0,0,0,0,0,0,0,0,0,0,0,0,0,0,0,0,0,0,0,0,0,0,0,0,0,0,0,0,0,0,0,0,0,0,0,0,0,0,0,0,0,0,0,0,0,0,0,0,0,0,0,0,0,0,0,0,0,0,0,0,0,0,0,0,0,0,0,0,0,0,0,0,0,0,0,0,0,0,0,0,0,0,0,0,0,0,0,0,0
ENSG00000123444.9,43,76,45,53,59,59,74,50,65,55,38,57,57,75,81,55,58,64,77,63,59,68,62,121,78,102,106,123,42,49,35,107,74,98,39,42,64,95,43,74,55,144,50,81,60,67,137,54,65,126,70,129,72,95,61,49,59,54,88,78,135,55,82,84,96,72,66,62,98,65,137,53,67,48,69,76,54,58,43,65,117,25,94,108,119,103,67,67,82,71,56,69,78,78,81,134,50,89,108,83,83,80,95,106,97,86,71,110,133,93,88,107,67,55,80,87,98,236,72,113,154,89
ENSG00000266135.1,2,1,0,1,1,0,0,1,0,0,0,0,1,0,0,1,1,1,2,0,0,0,0,0,1,0,1,1,1,0,0,0,0,0,0,0,1,0,0,0,0,0,1,1,0,0,0,0,0,0,0,0,1,0,0,1,0,0,0,0,0,0,1,0,0,0,0,0,0,0,0,0,0,1,0,0,1,0,0,0,0,1,0,1,0,2,0,0,1,0,1,1,2,0,1,2,0,1,0,1,0,0,2,1,0,0,0,1,1,1,2,1,0,0,1,0,0,0,0,2,0,1
ENSG00000226086.5,0,0,0,0,1,0,0,0,0,0,0,0,0,0,0,2,0,4,0,3,0,0,1,0,0,2,2,0,0,1,0,0,0,3,1,0,1,0,0,3,0,0,0,0,0,2,0,0,0,1,0,2,0,0,0,0,0,0,0,0,1,0,0,0,0,0,0,2,0,0,0,0,1,0,1,0,0,0,0,0,0,0,1,0,0,0,0,0,0,0,0,0,0,0,1,1,0,1,0,1,1,1,0,1,1,0,0,1,0,0,0,1,0,0,0,1,0,1,0,0,0,0
ENSG00000235023.1,0,3,0,2,1,1,0,0,1,0,0,0,0,0,0,0,0,0,0,2,1,0,0,1,1,18,3,2,0,0,1,15,0,0,0,4,0,0,1,1,8,1,4,1,4,1,5,0,0,2,2,2,0,1,2,1,0,1,3,0,0,0,0,0,3,0,1,3,0,0,12,0,0,3,1,3,0,0,2,0,4,1,0,2,2,0,1,1,0,0,1,0,3,0,1,8,1,2,3,2,2,1,1,1,1,0,1,1,1,3,0,1,0,1,2,1,3,1,0,0,0,0
ENSG00000176973.7,15,28,28,20,25,18,28,29,23,27,17,21,32,23,19,9,25,22,17,11,15,18,15,24,22,24,24,35,13,11,11,42,14,31,16,11,25,16,21,18,11,66,31,21,15,28,49,13,11,34,20,41,29,15,19,9,19,5,24,18,48,6,18,5,28,26,21,13,32,38,39,13,18,13,12,25,12,14,24,17,41,7,64,66,74,50,59,67,56,55,64,41,57,45,68,98,35,89,73,78,42,39,60,90,78,38,34,62,80,75,29,62,47,36,40,59,64,75,43,53,57,44
ENSG00000252189.1,0,1,0,0,0,0,0,0,0,1,0,0,0,0,0,0,0,0,0,0,0,0,0,0,0,0,0,0,0,0,0,0,0,1,0,0,0,0,1,0,0,0,1,0,0,0,0,0,0,0,0,0,0,0,0,0,3,1,1,0,1,0,0,0,0,0,0,0,0,0,0,1,0,0,0,0,1,0,0,0,0,0,0,0,0,0,1,0,0,0,0,0,0,0,0,0,1,0,0,0,0,0,0,0,0,0,0,0,0,0,0,0,0,0,0,0,0,0,0,0,0,1
ENSG00000211682.2,0,0,0,0,0,0,0,0,0,0,0,0,0,0,0,0,0,0,0,0,0,1,0,0,0,0,0,0,0,0,0,0,0,0,0,0,0,0,0,0,0,0,0,0,0,0,0,0,0,0,0,0,0,0,0,1,0,0,0,0,0,0,0,0,0,0,0,0,0,0,0,0,0,0,0,0,0,0,0,0,0,0,0,0,0,0,0,0,0,0,0,0,0,0,0,0,0,0,0,0,0,0,0,0,0,0,0,0,0,1,0,0,0,0,0,1,0,0,0,0,0,0
ENSG00000231630.1,0,0,0,0,0,0,0,0,0,0,0,0,0,0,0,0,0,0,0,0,0,0,0,0,0,0,0,0,0,0,0,0,0,0,0,0,0,0,0,0,0,0,0,0,0,0,0,0,0,0,0,0,0,0,0,0,0,0,0,0,0,0,0,1,0,0,0,0,0,0,0,0,0,0,0,0,0,0,0,0,0,0,0,0,0,0,0,0,0,0,0,0,0,0,0,0,0,0,0,0,0,0,0,0,0,0,0,0,0,0,0,0,0,0,0,0,0,0,0,0,1,0
ENSG00000249514.1,1,0,0,0,0,1,0,0,0,1,1,1,0,1,1,1,0,0,1,1,0,0,0,0,0,1,0,0,0,1,0,0,1,0,1,1,0,1,1,2,0,0,0,1,1,0,4,11,0,2,3,1,0,1,6,3,0,0,1,0,0,1,0,0,0,1,2,0,1,0,0,0,2,1,0,0,0,0,1,0,0,0,0,1,0,2,0,1,1,1,0,0,0,1,0,2,0,0,0,0,1,1,0,0,0,3,1,0,0,0,0,0,1,0,0,1,0,0,0,1,0,1
ENSG00000231827.2,6,4,7,3,6,7,6,4,2,3,1,4,3,5,6,14,4,5,4,3,2,9,1,3,9,1,6,11,5,4,8,26,10,12,13,5,16,8,6,8,13,1,11,3,9,18,23,10,7,5,7,3,14,1,21,11,7,11,9,8,5,4,2,0,4,6,9,9,21,2,17,3,7,8,4,5,1,1,1,7,4,6,2,7,7,14,6,6,6,6,8,7,7,12,22,12,9,14,13,10,11,2,8,3,5,3,5,11,5,11,5,7,4,1,6,14,3,6,4,4,10,4
ENSG00000159479.12,162,232,251,268,332,228,267,246,343,208,170,202,354,255,371,284,284,296,133,193,212,296,267,231,176,713,401,503,215,220,168,208,260,268,337,196,250,296,285,774,205,1037,246,271,188,425,430,155,470,439,344,493,376,254,273,184,448,516,700,273,910,260,283,495,266,310,291,193,200,368,238,237,378,284,340,355,188,252,256,315,524,204,319,474,382,420,336,459,413,357,324,364,498,407,470,497,350,342,537,518,345,366,367,490,373,320,335,460,673,374,359,485,531,416,411,461,523,1396,432,497,803,375
ENSG00000112511.13,150,198,182,247,250,170,318,139,198,164,115,177,152,202,145,150,183,153,169,179,139,278,175,263,182,151,359,197,123,149,149,244,183,178,201,222,233,154,234,260,148,790,245,455,245,369,213,193,198,316,133,165,290,123,245,104,283,260,231,194,434,179,87,286,298,229,243,351,216,287,267,78,120,120,126,174,71,136,171,256,203,204,261,489,479,416,367,371,314,327,238,228,374,272,629,516,344,559,525,459,439,269,289,360,527,204,237,512,471,329,324,456,264,179,319,503,306,501,249,399,462,334
ENSG00000254392.1,0,0,0,0,1,0,0,0,0,0,0,0,0,0,0,10,0,0,0,2,0,0,0,0,0,0,0,0,0,0,1,0,0,0,0,8,0,0,2,0,2,0,0,2,0,4,0,1,0,0,0,0,0,0,0,0,0,0,0,1,0,0,0,2,0,0,0,2,0,0,0,0,0,0,0,0,0,1,0,1,2,0,1,1,0,0,0,2,0,0,0,0,0,1,0,0,0,0,0,0,0,0,0,0,0,0,0,0,0,0,1,0,0,0,0,0,0,0,0,1,0,0
ENSG00000202534.1,0,0,0,0,0,0,1,0,0,0,0,0,0,0,0,0,0,0,1,0,0,0,0,0,0,0,0,0,0,0,0,0,0,0,0,0,0,0,0,0,0,0,0,0,0,0,0,0,0,0,0,0,0,0,0,0,0,0,0,0,0,0,0,0,0,0,0,0,1,0,0,0,0,0,0,0,1,0,0,0,0,0,0,0,0,0,0,0,0,0,0,0,0,0,0,0,0,0,0,0,0,0,0,0,1,0,0,0,0,0,0,0,0,0,0,0,0,0,0,0,0,0
ENSG00000231062.1,0,0,0,1,1,0,0,0,0,0,0,0,0,0,0,0,0,0,0,0,0,0,0,0,0,0,0,0,0,0,0,1,0,0,0,0,0,0,0,0,0,0,0,0,0,0,0,0,0,0,0,0,2,0,0,0,0,0,0,4,0,0,1,0,0,0,0,0,1,1,0,0,0,0,0,0,0,0,0,0,0,0,0,0,0,1,0,0,0,0,0,0,1,0,0,0,1,0,0,0,0,1,0,0,0,0,0,1,0,0,0,0,0,0,2,1,0,0,0,0,0,0
ENSG00000259221.1,1,1,0,2,2,0,0,1,1,1,1,1,0,2,0,0,1,1,0,1,2,5,0,7,2,21,3,10,0,5,1,4,4,1,99,1,0,3,0,0,1,0,1,0,0,0,11,18,2,10,3,18,5,19,10,4,26,0,3,7,4,0,2,0,0,1,2,0,53,0,12,3,3,3,5,1,2,0,1,0,0,1,2,2,4,3,0,0,0,2,3,0,2,1,6,1,2,1,1,3,2,3,0,1,6,0,1,7,1,1,8,3,0,0,2,11,0,14,0,0,9,1
ENSG00000159915.8,32,59,25,16,40,39,46,40,28,30,19,50,18,34,86,46,55,44,30,74,35,68,31,64,79,114,54,56,30,33,34,138,79,43,149,79,84,97,139,283,173,144,46,59,88,175,111,122,90,56,35,121,69,173,333,63,81,52,42,92,87,83,21,43,76,48,102,192,213,54,95,17,28,31,19,25,24,34,13,40,37,127,18,24,52,74,33,59,34,39,44,27,50,29,60,35,49,52,87,42,62,39,40,19,59,53,35,113,114,20,46,45,26,36,60,108,23,12,68,21,80,35
ENSG00000200606.1,0,0,0,0,1,0,0,0,0,0,0,0,0,0,0,0,0,0,0,0,0,0,0,0,0,0,0,0,0,0,0,0,0,0,0,0,0,0,0,0,0,0,0,0,0,0,0,0,0,0,0,0,0,0,0,0,0,0,0,0,0,0,0,0,0,0,0,0,0,0,0,0,0,0,0,0,0,0,0,0,0,0,0,0,0,0,0,0,0,0,0,0,0,0,0,0,0,0,0,0,0,0,0,0,0,0,0,0,0,0,0,0,0,0,0,0,0,0,0,1,0,0
ENSG00000178297.8,51,37,52,11,36,53,61,19,9,18,15,35,18,11,32,78,18,16,11,35,16,10,51,84,87,34,15,107,16,24,33,37,24,40,17,24,242,14,18,213,45,52,8,24,9,103,92,172,131,18,6,4,118,11,34,14,63,56,30,14,32,126,2,7,28,83,15,24,19,2,20,17,17,22,5,6,8,28,9,17,30,96,29,17,30,26,19,37,44,13,25,9,14,43,45,17,33,28,15,23,31,70,66,26,28,7,8,11,63,37,11,15,37,11,26,44,107,33,12,151,341,15
ENSG00000253946.1,0,0,0,0,0,0,0,0,0,0,0,0,0,0,0,0,0,0,0,0,0,0,0,0,0,0,0,0,0,0,0,0,0,0,0,0,0,1,0,0,0,0,0,0,0,0,0,0,0,0,0,0,0,0,0,0,0,0,0,0,0,0,0,0,0,0,0,0,0,0,1,0,0,0,0,0,0,0,0,0,0,0,0,0,0,0,0,0,0,0,0,0,0,0,0,0,0,0,0,0,0,0,0,0,0,0,0,0,0,0,0,0,0,0,0,0,0,0,0,0,0,0
ENSG00000143248.8,426,373,491,313,956,159,496,498,674,814,331,635,773,438,289,769,878,533,303,1668,598,965,1899,3291,1628,1763,1363,1970,442,356,659,5308,1272,1826,532,406,398,1879,2157,2525,1509,8492,1252,1459,2140,588,4813,2326,1586,1636,2526,1278,2894,757,677,578,674,1645,2334,1035,1200,1847,2154,1562,1969,2963,1657,2596,1885,487,2386,614,891,439,344,728,2140,314,581,773,1011,358,377,2066,416,851,656,810,753,728,831,513,550,378,1453,1359,923,952,1653,922,1010,369,497,732,3080,163,1043,1694,2423,1547,1793,1281,907,835,829,1082,930,1174,274,761,2753,1298
ENSG00000234336.2,1,0,0,0,1,0,0,1,0,0,2,1,2,1,0,1,1,0,1,0,0,0,1,0,4,0,0,0,0,0,0,0,0,0,0,1,2,1,0,3,0,0,1,2,3,2,2,1,1,3,1,2,0,1,1,0,2,0,5,0,0,0,0,1,12,0,0,0,0,3,0,0,0,0,1,2,0,1,0,4,3,0,2,1,2,0,1,2,4,1,1,2,0,1,0,1,1,4,3,1,0,0,0,0,2,3,1,3,2,1,3,2,0,0,0,0,0,1,0,1,7,2
ENSG00000144504.11,87,122,119,72,144,124,195,89,65,124,71,148,95,119,175,264,161,177,111,138,95,147,108,163,150,88,166,112,117,99,91,225,136,138,101,360,296,244,180,80,298,196,154,332,226,353,191,182,326,162,264,184,253,182,153,184,377,172,106,134,159,120,112,124,108,180,266,321,281,101,80,89,104,146,88,74,61,112,61,170,141,130,99,200,224,183,140,185,156,177,136,102,127,118,186,219,167,219,263,190,214,148,161,163,271,117,118,189,193,159,143,177,86,61,258,307,174,269,153,240,320,230
ENSG00000164116.12,307,171,223,527,447,311,325,208,355,449,175,213,209,361,82,69,351,351,160,492,306,800,146,525,479,301,1963,1150,231,269,192,1362,386,1237,109,24,50,250,189,137,92,324,768,93,110,35,653,359,179,187,401,196,1231,109,670,191,128,64,233,555,84,195,250,82,100,148,251,260,975,901,401,125,246,139,163,602,188,281,189,267,303,142,309,390,477,616,399,321,513,443,409,592,746,536,713,859,347,957,1192,1251,1634,426,837,666,1561,204,527,1627,227,708,631,805,430,330,653,1452,321,105,219,119,284,502
ENSG00000197019.4,25,119,153,221,53,69,59,114,251,49,65,113,218,65,134,35,42,36,28,54,30,89,24,57,28,32,108,232,27,49,22,83,24,71,82,7,34,30,28,64,9,73,199,22,29,23,86,24,46,41,36,56,77,48,103,14,12,14,21,116,21,35,52,12,20,17,22,19,20,48,30,17,68,23,108,86,44,43,164,47,94,49,431,600,247,141,296,280,197,97,90,163,274,355,427,466,183,236,274,422,82,188,146,280,277,160,101,134,126,271,178,241,235,127,110,85,131,385,257,149,191,129
ENSG00000138669.5,5,0,4,8,5,7,15,4,0,2,2,2,2,6,2,5,2,4,4,1,0,2,2,0,1,1,18,4,1,0,4,1,3,5,27,0,0,0,0,0,0,1,6,0,0,0,0,1,2,1,2,2,2,3,8,0,1,0,1,0,1,1,0,0,1,1,2,0,1,6,2,3,2,0,0,0,1,2,7,4,0,1,1,10,0,2,6,5,5,4,10,1,2,2,4,5,3,2,6,2,6,3,7,5,13,3,4,6,2,9,5,7,3,4,3,5,1,47,3,2,2,4
ENSG00000273305.1,1,7,11,3,9,3,3,2,3,3,6,10,5,8,7,23,16,18,8,17,10,7,20,13,7,4,14,15,10,8,21,9,15,23,10,19,29,9,17,18,10,30,7,15,30,19,32,13,40,15,20,41,26,4,11,16,36,80,28,18,56,6,13,42,22,40,29,39,24,16,42,11,5,23,7,8,10,4,4,14,8,5,3,6,9,10,4,8,4,9,4,9,10,2,5,18,6,13,8,16,12,14,7,5,13,5,6,6,20,6,3,12,3,6,9,16,14,33,8,12,18,6
ENSG00000210117.1,0,0,1,0,1,0,7,0,1,0,0,0,0,0,0,0,1,0,0,0,0,0,1,1,0,0,0,0,0,0,0,0,0,0,0,1,0,0,0,0,0,1,0,0,0,0,0,0,0,0,1,1,0,0,0,1,4,0,1,0,1,2,1,0,0,0,0,0,0,0,0,0,0,14,1,0,0,0,0,1,0,0,3,0,4,0,1,2,1,0,2,2,1,1,0,1,0,4,1,3,0,2,0,1,0,1,0,1,0,1,0,1,0,2,1,0,0,0,0,0,0,0
ENSG00000250927.1,0,1,0,0,0,0,1,0,0,0,0,0,0,0,1,0,0,0,0,0,0,0,0,1,0,0,0,0,0,0,0,0,0,0,0,0,0,1,0,0,0,0,0,0,0,0,1,0,0,0,0,0,0,0,1,0,0,0,1,0,8,1,0,9,0,0,0,0,1,0,0,0,0,0,0,1,0,0,0,0,0,0,0,0,1,1,0,0,0,0,0,0,0,0,1,0,0,0,0,2,1,0,0,0,1,0,0,0,0,0,0,2,0,0,0,1,0,0,0,0,0,0
ENSG00000174013.7,104,155,135,177,197,141,117,167,194,146,107,169,230,191,235,247,255,288,161,139,142,187,159,530,223,1197,253,410,184,135,216,179,284,478,463,256,273,207,235,672,160,725,152,353,200,487,265,144,294,363,253,407,389,361,348,130,428,805,731,234,1827,134,337,327,275,311,291,221,231,373,267,170,186,152,235,150,111,137,96,245,362,111,163,220,206,204,186,255,211,202,160,238,263,211,231,302,180,198,289,295,244,191,182,228,269,167,189,271,506,160,201,204,187,158,201,284,258,491,239,367,626,211
ENSG00000235110.4,0,0,0,0,0,0,0,0,0,0,0,0,0,0,0,0,0,0,0,0,0,0,0,0,0,0,0,0,0,0,0,0,0,0,0,0,0,0,0,0,0,0,0,0,0,0,0,0,0,0,0,0,0,0,0,0,0,0,0,0,0,0,0,0,0,0,0,0,0,0,0,0,0,0,0,0,0,0,0,0,0,0,0,0,0,0,0,0,0,0,0,0,0,0,0,0,0,0,0,0,0,0,0,0,0,0,0,0,0,0,0,0,0,0,0,0,0,0,0,0,0,0
ENSG00000227863.2,2,2,1,1,4,2,1,1,0,1,2,4,1,0,0,0,2,0,2,0,1,2,0,0,5,0,1,0,2,0,0,0,2,1,0,0,1,0,0,0,1,0,1,0,2,0,0,0,0,0,7,0,1,2,11,2,0,0,3,6,0,0,3,2,2,0,1,0,0,0,0,2,1,4,0,2,1,2,0,0,8,1,1,4,0,1,0,4,1,3,0,1,1,3,2,0,4,0,0,0,0,0,4,1,2,0,1,1,0,4,1,0,0,0,7,4,1,2,2,0,1,4
ENSG00000251332.1,7,5,6,5,4,5,8,6,6,8,7,7,5,13,2,17,3,4,4,7,4,9,4,9,6,7,6,6,9,4,2,14,5,9,9,5,8,14,8,1,4,4,10,3,8,5,16,9,11,5,9,5,4,2,2,4,1,2,4,12,2,15,1,6,7,5,4,5,8,12,9,4,10,4,13,8,3,8,6,6,7,3,1,16,12,9,4,7,8,3,9,4,6,7,7,5,12,6,14,11,8,6,3,5,13,3,6,8,0,10,3,10,6,7,8,9,5,0,7,5,10,5
ENSG00000259235.1,0,0,0,0,0,0,0,0,0,0,0,0,0,0,0,0,0,0,0,2,0,0,1,0,0,0,0,0,0,0,0,0,0,0,2,0,0,2,0,2,0,1,0,5,3,24,0,0,0,0,0,1,1,0,0,0,0,0,1,0,0,0,0,3,0,2,0,0,1,2,1,0,0,0,0,0,0,0,0,0,0,0,0,1,1,0,0,0,0,0,0,0,0,0,1,1,0,0,0,0,0,0,0,0,0,0,0,0,0,0,0,1,0,0,0,0,0,0,0,0,0,0
ENSG00000258507.1,0,0,0,0,0,0,0,0,0,0,0,0,0,0,0,0,0,0,0,0,0,0,0,0,0,0,0,0,0,0,0,0,0,0,0,0,0,0,0,0,0,0,0,0,0,0,0,0,0,0,0,0,0,0,0,0,0,0,0,0,0,0,0,0,0,0,0,0,0,0,0,0,0,0,0,0,0,0,0,0,0,0,0,0,0,0,0,0,0,0,0,0,0,0,0,0,0,0,0,0,0,0,0,0,0,0,0,0,0,0,0,0,0,0,0,0,0,0,0,0,0,0
ENSG00000244019.1,0,0,0,0,0,0,0,0,0,0,0,0,0,0,0,0,0,0,0,0,0,0,0,0,0,0,0,0,0,0,0,0,0,0,0,0,0,0,0,0,0,0,0,0,0,0,0,0,0,0,0,0,0,0,0,0,0,0,0,0,0,0,0,0,0,0,1,0,0,0,0,0,0,0,0,0,0,0,0,0,0,0,0,0,0,0,0,0,0,0,0,0,0,0,0,0,0,0,0,0,0,0,0,0,0,0,0,0,0,0,0,0,0,0,0,0,0,0,0,0,0,0
ENSG00000250385.1,0,0,0,0,0,0,0,0,0,0,0,0,0,0,0,0,0,0,0,0,0,0,0,0,0,0,0,0,0,0,0,0,0,0,0,0,0,0,0,0,0,0,0,0,0,0,0,0,0,0,0,0,0,0,0,0,0,0,0,0,0,0,0,0,0,0,0,1,0,0,0,0,0,0,0,0,0,0,0,0,0,0,0,0,0,0,0,0,0,0,0,0,0,0,0,1,0,0,0,0,0,0,0,0,0,0,0,0,0,0,0,0,0,0,0,0,0,0,0,0,0,0
ENSG00000205944.7,0,0,0,0,0,0,0,0,0,0,0,0,0,0,0,0,0,0,0,0,0,0,0,0,0,0,1,0,0,0,0,0,0,0,0,0,0,0,0,0,0,0,0,0,0,0,0,0,11,0,0,0,0,0,0,0,0,1,4,0,0,0,0,0,0,0,0,0,0,0,0,1,0,0,0,0,0,0,0,0,0,0,0,0,0,0,0,0,0,0,0,0,0,0,0,0,3,1,0,0,1,0,0,0,0,1,0,1,0,1,0,1,0,0,1,0,0,0,0,0,0,0
ENSG00000106069.16,633,710,613,354,1056,593,762,467,607,556,628,1000,623,870,792,502,561,646,770,647,724,524,390,515,1073,834,574,790,836,599,636,275,661,654,286,1485,583,725,792,576,674,845,227,1684,519,827,706,461,706,694,591,1098,667,751,291,459,2091,301,440,639,891,549,770,1767,876,1013,875,2378,520,189,480,612,617,750,598,488,337,748,738,591,529,576,897,1314,936,1066,723,925,1001,1086,900,868,567,899,735,860,778,676,787,731,1053,781,1042,839,677,721,823,749,1076,760,684,831,779,452,746,1068,1133,1203,833,987,555,764
ENSG00000251234.1,3,4,0,4,2,1,2,0,0,2,0,2,1,1,0,3,2,1,0,2,1,2,0,2,0,2,5,1,1,0,0,6,1,1,5,0,0,0,1,0,0,0,5,0,0,10,8,0,1,1,1,2,1,0,2,3,0,2,2,2,0,2,0,3,3,0,1,5,1,7,2,1,0,3,1,2,0,1,0,0,0,1,0,4,1,0,1,0,1,1,0,1,1,2,1,2,2,0,5,3,1,3,0,0,2,0,0,0,0,1,0,4,1,1,1,5,1,0,0,0,3,1
ENSG00000232301.1,0,0,0,0,3,1,0,1,0,0,0,0,0,0,0,0,1,0,0,0,0,0,0,0,0,0,0,0,0,0,1,1,0,0,0,3,4,0,0,0,0,0,0,1,0,0,0,0,1,0,0,0,0,1,0,1,0,0,0,0,1,0,0,0,0,0,0,0,0,0,0,0,0,1,1,0,0,0,0,0,0,0,0,1,0,1,1,0,0,0,0,1,0,0,0,0,1,0,0,0,1,0,1,0,0,0,0,0,0,1,2,0,0,0,0,0,0,0,0,1,3,0
ENSG00000214925.3,0,0,0,0,0,0,1,0,0,0,0,0,0,0,0,0,0,0,1,0,0,1,0,0,0,0,0,0,0,0,0,0,0,0,0,0,0,0,0,1,0,0,0,0,0,0,0,0,0,0,0,0,0,0,0,0,0,0,0,0,0,0,0,0,0,0,0,1,1,0,0,0,0,0,0,0,0,0,0,0,0,0,0,0,0,0,0,0,0,0,0,1,0,0,1,2,0,1,1,0,0,0,0,0,0,0,2,0,2,0,1,0,0,0,0,0,1,0,0,1,0,0
ENSG00000227851.1,0,0,0,0,0,0,0,0,0,0,0,1,0,0,0,0,0,0,0,0,0,0,0,0,0,0,0,0,0,0,0,0,0,0,0,0,0,0,0,0,0,0,0,0,0,0,0,0,0,0,0,0,0,0,0,0,0,0,0,0,0,0,0,0,0,0,0,0,0,0,0,0,0,0,0,0,0,0,0,0,0,0,0,0,0,0,0,0,0,0,0,0,0,0,0,0,0,0,0,0,0,0,0,0,0,0,0,0,0,0,0,0,0,0,0,0,0,0,0,0,0,0
ENSG00000225715.1,7,4,1,10,5,7,5,5,4,6,0,12,1,5,4,12,6,4,6,9,7,11,7,14,17,12,6,5,3,3,3,13,6,7,17,7,18,7,2,12,11,4,7,4,10,5,10,11,15,2,9,7,16,5,11,2,8,18,8,12,10,7,8,5,3,2,8,25,25,16,21,8,8,0,2,4,12,8,3,3,3,3,2,5,5,3,4,3,4,5,0,2,3,12,6,8,6,4,11,3,5,3,6,0,6,3,6,9,5,5,4,2,2,4,8,10,5,5,0,7,5,6
ENSG00000254768.1,0,0,0,0,0,1,2,1,0,0,1,0,0,1,0,1,0,0,0,2,0,0,0,2,0,3,0,1,1,0,0,0,0,0,5,0,1,0,0,0,0,0,0,0,0,0,0,2,2,6,0,0,0,0,0,1,2,0,0,1,6,2,0,0,2,0,3,0,0,0,1,0,0,0,0,0,2,0,0,0,3,0,1,0,0,0,0,0,1,0,0,0,0,1,0,0,0,0,1,1,0,2,1,0,2,1,0,1,0,1,0,0,0,0,0,0,0,0,2,1,0,0
ENSG00000176928.4,27,22,35,95,47,55,30,31,84,27,12,26,26,59,37,2,66,107,138,102,95,237,40,127,105,36,258,167,31,92,115,249,81,51,492,95,20,50,119,143,55,173,100,262,715,162,464,63,190,62,75,351,158,405,164,37,87,28,46,214,284,10,79,131,153,28,94,58,184,267,309,84,54,20,64,222,30,44,59,100,137,29,50,55,123,72,39,54,103,70,51,76,150,84,225,306,73,163,295,223,210,31,127,152,274,57,175,376,99,114,240,183,106,106,92,333,89,302,75,21,84,62
ENSG00000233714.1,0,0,0,0,0,1,0,0,0,0,0,0,0,0,2,6,0,1,1,2,2,0,2,9,4,0,0,1,0,0,0,5,6,4,0,0,6,0,0,1,2,0,2,0,0,1,2,14,9,6,4,3,1,0,2,2,12,4,0,1,0,14,0,3,8,0,1,7,0,0,1,0,1,1,2,1,1,1,0,4,0,3,0,2,1,0,0,0,0,2,0,4,1,1,4,0,0,1,0,0,2,0,1,0,1,0,3,3,3,2,1,2,0,1,5,2,2,6,2,1,6,5
ENSG00000201529.1,0,0,0,0,0,0,0,1,0,0,0,0,0,0,0,0,0,0,0,0,0,0,0,0,0,0,0,0,0,1,0,0,0,0,0,0,0,0,0,0,0,0,0,0,0,0,0,0,0,0,0,0,0,0,0,0,0,0,0,0,0,0,0,0,2,0,0,0,0,0,0,0,0,0,0,0,0,0,0,0,0,0,0,0,0,0,0,0,0,0,0,0,0,0,0,0,0,0,0,0,0,0,0,0,0,0,0,0,0,0,0,0,0,0,0,0,0,0,0,0,0,0
ENSG00000240250.2,0,2,2,0,2,0,0,1,0,1,0,0,0,0,1,2,0,0,1,2,0,1,0,2,4,5,1,4,0,1,1,2,0,1,4,1,6,0,4,3,6,1,2,0,6,1,6,4,1,9,4,4,1,1,4,2,14,6,6,1,0,0,0,7,1,1,6,3,4,0,5,1,0,0,1,0,0,1,0,0,0,0,0,2,0,0,0,1,0,0,1,0,0,1,0,0,0,5,0,0,2,1,0,0,0,1,1,1,0,0,0,0,0,2,1,0,1,3,0,1,9,1
ENSG00000101158.8,487,534,518,369,805,452,679,334,398,529,350,574,543,578,620,568,674,863,474,484,480,595,815,911,1257,1122,638,849,463,477,607,959,562,760,1400,1664,681,637,981,2554,599,1521,345,1543,683,581,703,594,1368,1192,918,1181,631,678,736,683,946,1239,912,603,1164,375,783,630,632,872,963,1439,1161,814,911,531,581,612,610,572,419,605,458,807,1102,623,734,913,967,915,673,848,671,688,648,669,828,527,844,950,799,799,1087,762,789,766,623,769,795,578,654,804,997,721,715,973,799,742,820,1003,1010,1608,718,1388,2053,845
ENSG00000129455.11,0,0,0,0,0,0,0,0,0,0,0,0,0,0,0,0,0,0,0,0,0,0,0,0,0,0,0,0,0,0,0,0,0,0,0,0,0,0,0,0,0,0,7,0,0,0,0,0,0,0,0,0,0,0,0,0,4,0,0,0,0,0,0,0,0,0,0,0,0,0,0,0,0,0,0,0,0,0,0,0,0,0,0,0,0,0,0,0,0,0,0,0,0,0,0,0,0,0,0,0,0,0,0,0,0,0,0,0,0,0,0,0,0,0,0,0,0,0,0,0,0,0
ENSG00000178904.14,378,353,407,446,609,552,462,365,437,459,257,390,359,628,420,317,496,507,347,420,302,470,1290,385,422,934,642,604,239,379,360,1085,397,672,777,739,243,376,577,980,310,644,752,458,492,123,423,333,476,407,429,485,718,534,1073,441,170,498,215,560,318,352,1062,459,531,328,538,632,636,665,897,369,342,366,432,382,386,441,371,349,740,486,461,606,579,547,461,654,499,595,510,531,563,598,535,658,617,508,883,650,741,653,445,466,759,392,549,778,433,512,622,575,343,334,581,765,523,962,503,936,539,542
ENSG00000216902.3,0,0,0,0,0,0,1,0,0,0,0,0,0,0,0,0,0,0,1,0,0,1,0,0,1,0,0,0,0,0,0,0,0,0,0,0,1,1,0,0,0,0,0,0,0,1,0,1,1,0,1,0,0,0,0,0,1,0,1,0,1,0,0,2,0,1,2,1,0,0,0,0,0,0,0,0,0,0,0,0,1,0,0,0,0,0,0,0,0,0,0,0,0,0,0,0,0,0,0,0,0,0,0,0,0,0,0,0,0,0,0,0,0,0,0,0,0,0,0,0,0,0
ENSG00000265875.1,0,0,1,1,0,0,0,3,0,0,2,0,1,0,0,0,0,0,0,0,1,1,0,0,0,5,1,0,0,0,0,0,0,1,0,0,0,3,0,0,0,0,0,0,1,0,0,1,0,0,0,1,0,0,1,0,0,0,1,0,0,0,0,0,0,0,1,0,1,0,0,0,0,0,0,0,0,1,0,0,0,0,0,0,1,1,1,4,0,0,0,1,1,0,1,0,0,0,0,0,1,0,0,0,3,0,0,0,0,0,0,0,0,1,0,0,0,0,0,0,4,1
ENSG00000067840.8,27,22,16,43,37,12,20,9,34,23,11,29,14,20,3,9,20,17,9,26,10,36,5,14,15,1,83,54,15,11,15,56,22,35,2,5,4,9,4,2,2,19,72,4,16,2,10,18,5,4,11,8,49,7,16,8,2,6,8,21,2,5,12,2,2,1,14,9,10,7,13,2,10,3,6,18,9,8,12,9,11,7,21,46,58,69,41,48,39,42,44,27,54,32,106,93,36,151,82,91,95,35,38,47,87,25,28,91,17,51,55,53,31,20,46,104,8,8,18,12,24,44
ENSG00000254672.1,1,6,6,19,2,4,4,6,4,5,2,3,3,2,6,7,2,0,2,7,7,18,2,4,7,12,6,3,3,1,2,7,4,10,12,2,11,6,2,0,3,5,18,0,3,9,7,10,0,0,2,4,12,14,5,6,1,1,4,21,2,4,3,4,0,1,7,2,15,3,6,1,6,5,2,4,6,2,5,0,1,1,2,7,5,3,6,13,1,4,1,2,4,9,16,8,14,6,16,15,14,3,4,4,14,2,5,8,1,8,13,9,8,1,13,17,4,2,3,1,3,6
ENSG00000150773.6,5,8,4,5,8,5,0,4,3,7,2,6,1,3,6,9,10,5,7,9,8,19,1,13,8,14,36,12,12,8,4,15,9,4,14,2,7,9,8,5,6,12,19,2,20,11,9,8,8,12,9,8,9,5,14,9,17,21,11,10,11,7,6,14,10,2,16,4,24,63,17,5,6,10,12,15,9,6,7,7,12,8,6,13,4,10,7,4,8,10,15,10,8,11,16,11,7,11,16,16,13,9,14,12,28,7,10,20,11,11,13,14,10,9,10,17,7,13,5,15,34,6
ENSG00000143033.13,302,322,286,324,358,328,306,233,342,368,251,334,291,382,312,396,389,389,368,346,330,532,332,546,372,1088,493,744,286,277,306,755,483,686,965,336,475,515,370,779,580,552,448,357,402,391,532,571,926,444,384,467,592,658,631,332,738,787,782,481,1137,459,341,490,646,410,657,669,552,791,739,271,317,314,344,291,284,398,343,389,551,303,301,501,509,474,354,428,419,436,415,425,435,358,460,424,363,336,696,533,522,344,383,333,551,311,281,561,560,427,378,500,263,236,396,663,371,653,278,359,953,376
ENSG00000256150.1,2,1,0,1,1,1,2,1,1,0,1,2,1,0,0,1,0,2,1,1,0,1,2,1,3,0,0,0,0,0,1,2,1,0,0,1,0,1,0,3,1,0,2,1,2,0,0,3,2,0,0,1,0,1,1,0,0,3,2,1,0,0,0,0,1,1,0,4,1,0,1,0,2,0,3,2,0,3,1,2,1,0,1,2,6,0,2,0,1,0,0,0,3,1,1,2,4,1,1,0,3,1,0,0,3,2,0,3,1,2,1,1,1,0,3,3,0,1,0,2,0,3
ENSG00000257941.1,3,1,2,3,6,6,6,1,5,3,2,9,2,8,3,4,4,9,0,11,3,10,2,6,4,9,8,9,4,5,5,18,12,9,10,4,2,3,10,15,7,2,11,1,7,12,6,6,4,6,10,2,5,16,11,7,5,12,1,8,10,8,4,6,6,2,1,3,9,7,16,0,3,3,5,1,5,12,3,2,9,3,1,9,5,6,4,15,2,8,0,2,19,5,8,4,4,3,5,14,9,3,6,4,15,3,3,11,4,10,8,6,6,5,2,6,4,4,2,3,5,5
ENSG00000106410.10,0,0,0,0,1,0,0,0,0,0,0,0,0,0,0,0,0,0,0,0,0,0,0,0,0,0,0,0,0,0,0,0,0,0,0,0,0,0,0,0,0,0,0,0,0,0,0,0,0,0,1,0,0,0,0,0,0,0,0,0,0,0,0,0,0,0,1,0,0,0,0,0,0,1,0,0,0,0,0,0,0,0,1,1,0,0,0,0,0,0,0,0,0,0,0,0,0,0,0,0,0,0,0,0,0,0,0,0,0,0,0,0,0,0,0,0,0,0,0,0,0,0
ENSG00000033030.9,335,317,309,339,376,333,340,300,381,320,277,411,379,435,352,248,464,400,386,327,302,523,258,598,631,557,445,703,316,306,351,441,448,460,535,409,630,505,585,605,482,519,289,720,425,389,665,479,728,465,538,417,526,569,459,441,498,809,427,384,536,503,326,380,656,490,373,487,427,523,403,304,289,358,315,325,285,486,352,375,431,382,388,672,535,573,456,518,452,604,513,452,444,429,554,587,497,446,622,579,600,409,471,398,604,359,334,529,680,446,420,503,313,346,450,610,426,413,323,439,808,475
ENSG00000083857.9,224,2584,4139,7168,3395,2493,2405,1938,5488,3047,1342,912,1324,3236,9852,3568,18898,19827,9500,10015,7772,8978,22846,8761,6438,7026,8216,9416,3966,7638,13497,10738,3733,5237,5183,21402,6877,7140,3073,15667,2100,14590,6578,11049,24974,19350,7647,8791,22206,7789,2898,8123,5953,7825,3263,4607,2900,7286,4159,8825,9299,13446,6910,4499,1097,9447,9660,7314,4579,5671,5086,10978,6599,7378,11612,13952,6255,11121,753,14199,16975,5812,2381,5248,3804,5010,2591,6497,5500,1923,2774,4837,11781,5165,8651,8227,6742,6193,24166,11603,9464,8975,5356,7805,8945,4922,8119,15117,5487,7051,7665,9403,7034,16423,13803,11688,11508,6059,9589,5408,15033,10215
ENSG00000161896.6,15,84,48,95,83,147,15,138,256,92,63,37,419,13,2,13,180,3,65,11,4,198,160,49,69,88,95,131,69,120,1,22,25,13,15,0,1025,5,2,58,46,125,8,26,0,77,74,110,8,617,46,196,13,8,7,91,4,232,16,58,2,4,44,2,39,7,6,2,0,32,149,46,152,332,80,555,30,82,9,13,225,0,30,468,145,47,69,514,16,103,8,148,472,95,92,107,10,99,212,815,96,366,44,699,53,126,20,62,15,25,52,574,84,735,34,87,41,14,191,8,487,120
ENSG00000251249.1,0,0,0,0,0,0,0,0,0,0,0,0,0,0,0,0,0,0,0,0,0,0,0,0,0,0,0,0,0,0,0,1,0,0,0,0,0,0,0,0,0,0,0,0,0,0,0,0,0,0,0,0,1,0,1,0,1,0,0,0,0,0,0,0,0,0,0,0,0,0,0,0,0,0,0,0,0,0,0,0,0,0,0,0,0,0,0,0,0,0,0,0,0,0,0,0,0,0,1,0,0,0,0,0,0,0,0,0,0,0,0,0,0,0,0,0,0,0,0,0,0,0
ENSG00000267083.1,5,7,1,1,6,5,8,3,8,4,6,5,2,6,2,12,6,17,6,8,14,3,6,11,17,8,6,11,2,6,24,10,21,8,20,26,13,10,10,23,15,10,3,23,24,29,13,18,16,5,10,6,14,11,17,15,10,11,5,5,8,9,8,10,12,12,40,13,10,3,10,5,2,6,7,6,1,9,1,7,2,6,2,7,8,11,5,7,7,12,9,7,4,1,8,5,2,5,8,1,11,3,7,1,8,5,5,12,10,6,6,1,2,4,8,15,2,1,1,9,4,10
ENSG00000259847.1,0,0,0,0,0,0,0,0,0,0,0,0,0,0,0,0,0,0,0,0,0,0,0,2,0,0,1,1,1,0,0,2,0,0,1,0,0,0,1,0,0,0,0,0,0,0,0,0,0,0,0,0,0,0,0,0,0,0,0,0,0,0,1,0,0,0,0,3,5,0,0,0,0,1,0,0,0,0,0,0,0,0,0,0,0,0,0,0,0,0,0,0,0,0,0,0,1,0,0,0,0,0,0,0,1,0,0,0,0,0,0,0,0,0,0,0,0,0,0,0,0,0
ENSG00000226668.1,0,0,0,0,0,0,0,0,0,0,0,0,0,0,0,0,0,0,0,0,0,0,0,0,0,0,0,0,0,0,0,0,0,0,2,0,0,0,0,0,0,0,0,0,0,0,0,22,0,0,0,0,0,0,0,0,0,0,0,0,0,0,1,0,0,0,0,0,0,0,0,0,0,0,0,0,0,0,0,0,0,0,0,0,0,0,0,0,0,0,0,0,0,0,0,0,0,0,0,0,0,0,0,0,0,0,0,0,0,0,0,0,0,0,0,0,0,0,0,0,0,0
ENSG00000268140.1,0,1,0,2,1,0,1,0,1,0,0,0,0,1,0,0,1,0,1,0,0,1,0,1,0,0,0,4,0,2,0,0,1,0,0,1,4,0,1,5,0,0,0,0,0,1,0,0,1,0,0,3,0,2,0,0,1,4,1,2,1,2,0,0,1,0,0,0,1,0,0,3,0,2,0,0,1,0,0,0,1,0,0,0,2,0,0,0,0,2,0,2,1,0,0,0,1,0,0,0,0,1,0,0,1,1,0,1,0,0,0,0,0,3,0,2,0,1,1,0,0,0
ENSG00000250006.2,1,0,0,0,0,0,0,0,0,0,0,0,0,0,0,0,0,1,2,0,0,0,0,3,0,1,1,0,0,2,1,1,1,1,0,0,0,6,1,1,1,0,0,0,1,1,0,0,1,1,0,1,3,1,1,0,0,0,1,0,0,0,0,2,1,0,1,5,1,1,1,1,0,0,0,1,1,1,0,0,0,0,0,0,1,0,0,0,0,0,1,0,0,0,0,0,0,0,1,1,3,1,0,1,2,0,0,1,0,1,0,2,0,0,1,3,0,0,0,0,0,0
ENSG00000236313.1,0,0,0,0,0,0,0,0,0,0,0,0,0,0,0,0,0,0,0,0,0,0,0,0,0,0,0,0,0,0,0,0,0,0,0,0,3,0,0,6,0,0,0,0,0,0,0,0,0,0,0,0,0,0,0,0,51,0,3,0,0,2,0,2,0,0,1,0,0,0,0,0,0,0,0,0,0,0,0,0,0,0,0,0,0,0,0,0,0,0,0,0,0,0,0,0,0,0,0,0,0,0,0,0,0,0,0,0,0,0,0,0,0,0,0,0,0,0,0,0,0,0
ENSG00000269774.1,0,1,0,0,0,0,1,1,0,2,0,0,0,0,0,0,1,0,1,2,1,1,0,1,0,0,1,0,0,1,0,0,0,0,1,0,1,1,1,2,1,0,1,0,0,0,0,5,2,0,0,1,2,0,1,0,2,0,0,0,0,1,0,0,0,0,1,0,1,1,0,0,0,0,0,0,0,0,0,0,1,1,0,1,1,1,1,1,0,0,0,0,0,0,0,1,0,2,2,0,1,1,2,0,0,0,0,3,0,0,1,1,0,0,0,9,3,0,1,1,0,0
ENSG00000261739.2,3,0,1,1,0,3,2,0,4,1,4,3,0,1,0,4,1,5,0,0,3,1,4,9,0,4,7,0,2,6,1,2,0,1,1,0,0,2,0,1,1,4,1,7,2,3,4,4,3,2,2,1,1,0,0,5,3,2,0,3,0,0,3,1,1,2,5,2,0,1,6,1,0,4,0,1,2,6,1,0,2,1,1,1,2,4,2,2,2,0,4,0,2,2,1,5,0,5,2,1,0,0,0,0,2,5,1,3,1,1,0,1,1,1,4,0,3,1,0,0,4,0
ENSG00000273085.1,0,0,0,0,0,0,0,0,0,0,0,0,0,0,0,0,0,0,0,0,0,0,0,0,0,0,0,0,0,0,0,0,0,0,0,0,0,0,0,0,0,0,0,0,0,0,0,0,0,0,0,0,0,0,0,0,0,0,0,0,0,0,0,1,0,0,0,0,0,0,0,0,0,0,0,0,0,0,0,0,0,0,0,0,0,0,0,0,0,0,0,0,0,0,0,0,0,0,0,0,0,0,0,0,0,0,0,0,0,0,0,0,0,0,0,0,0,0,0,0,0,0
ENSG00000260729.1,7,3,2,4,3,4,6,0,0,2,3,4,3,2,6,15,9,9,3,6,3,6,1,9,9,1,10,3,2,7,3,4,4,6,2,10,13,8,4,4,5,2,8,14,98,36,3,17,7,17,9,5,14,9,0,9,16,8,9,2,1,10,3,6,1,8,13,7,3,5,1,6,2,4,0,3,2,3,1,11,8,3,1,6,5,1,6,3,5,9,12,4,15,5,12,6,7,9,10,7,10,5,9,0,12,5,3,7,10,4,8,6,3,4,9,10,5,6,6,12,8,14
ENSG00000245667.2,3,6,2,2,4,2,1,4,3,2,2,2,0,1,5,8,1,3,2,3,6,0,5,13,10,4,1,6,7,1,4,4,3,4,4,6,3,11,3,6,5,4,1,8,5,7,7,4,9,4,1,7,6,2,10,6,9,7,8,6,3,1,1,3,2,7,6,13,5,7,5,1,0,2,1,2,2,1,1,7,3,2,2,4,5,4,5,5,2,1,4,2,2,1,3,2,4,1,6,5,5,1,1,0,3,2,2,3,3,1,1,3,0,1,5,8,2,3,0,1,8,4
ENSG00000258630.1,3,1,3,0,8,3,2,0,2,1,3,4,1,2,5,9,0,6,7,2,2,1,4,5,3,0,0,1,4,4,4,0,2,1,2,12,3,2,5,19,6,3,0,10,12,1,1,9,0,2,4,17,5,5,1,3,20,63,0,2,9,3,0,5,2,10,9,4,7,0,6,3,2,1,0,3,0,3,4,7,1,1,2,2,5,5,2,3,3,6,6,7,3,0,0,4,1,5,1,0,6,5,2,1,4,3,3,3,10,0,3,1,2,0,10,3,14,9,2,4,7,8
ENSG00000203818.6,0,0,0,0,0,0,0,0,0,0,0,0,0,0,0,0,0,0,0,0,0,0,0,0,0,0,0,0,0,0,0,0,0,0,0,0,0,0,0,0,0,0,0,0,0,0,0,0,0,0,0,0,0,0,0,0,0,0,0,0,0,0,0,0,0,0,0,0,0,0,0,0,0,0,0,0,0,0,0,0,0,0,0,0,0,0,0,0,0,0,0,0,0,0,0,0,0,0,0,0,0,0,0,0,0,0,0,0,0,0,0,0,0,0,0,0,0,0,0,0,0,0
ENSG00000258517.1,0,1,0,1,0,0,0,0,0,1,0,0,0,0,1,0,0,0,2,2,1,0,0,2,2,1,1,0,0,2,0,2,1,2,0,2,1,6,1,0,0,0,1,0,0,0,0,1,0,0,2,0,2,0,1,0,2,1,0,0,0,1,0,0,2,0,2,1,3,0,0,0,0,0,0,0,1,2,0,0,1,0,0,0,1,1,0,0,0,0,0,0,0,0,1,0,0,0,0,0,2,0,1,0,2,1,0,2,0,0,0,1,0,0,0,2,2,0,0,1,0,0
ENSG00000166986.8,404,541,586,562,773,478,427,525,640,508,336,644,638,521,687,460,626,504,415,568,446,825,449,1111,742,1555,852,856,578,388,401,742,714,927,704,503,922,843,774,1097,417,2019,649,547,591,2589,1218,1033,1111,879,621,475,809,731,940,696,1167,799,1011,727,1747,800,435,729,1373,455,577,654,663,1329,880,547,626,507,509,741,382,493,413,522,1051,522,588,1119,1007,872,766,1133,933,719,482,747,866,958,1181,1375,845,822,1332,1171,761,809,711,680,778,717,597,1114,1699,688,626,1038,758,969,837,1172,910,2690,708,786,1139,815
ENSG00000202050.1,0,0,0,0,0,0,0,0,0,0,0,0,0,0,0,0,0,1,6,2,0,0,0,5,7,2,1,2,0,1,0,5,2,1,0,9,2,3,5,0,6,0,0,0,0,0,7,0,4,8,4,2,0,10,1,0,1,0,0,0,0,0,0,1,0,0,4,11,4,0,1,0,2,6,1,0,0,2,0,1,3,1,0,0,0,0,0,0,0,3,0,0,0,0,0,0,0,1,0,0,0,0,0,0,1,0,1,0,3,0,0,1,1,0,3,0,2,0,0,0,3,0
ENSG00000267503.1,57,59,34,14,140,26,35,24,30,40,27,43,24,56,43,99,18,21,37,46,26,44,17,63,98,24,15,20,63,33,39,38,89,50,10,51,70,82,21,50,46,21,21,19,44,34,108,98,60,23,42,49,74,17,76,57,32,8,66,37,21,63,44,24,24,12,118,103,18,41,60,11,37,48,52,26,23,52,31,40,37,44,25,49,40,44,32,29,45,53,39,27,14,31,36,12,56,18,47,20,74,37,32,12,47,25,24,33,38,45,18,38,19,7,57,112,26,14,7,21,43,49
ENSG00000259799.1,1,0,2,2,6,5,2,2,1,0,0,5,1,2,0,31,3,0,3,9,5,6,2,1,7,2,4,3,5,0,1,3,2,3,4,3,0,1,2,1,2,1,6,4,2,2,11,6,6,1,0,3,2,1,3,0,0,0,6,3,0,1,3,1,8,9,1,6,8,5,3,0,0,2,0,1,1,1,0,4,1,2,7,7,5,8,2,5,3,8,4,1,11,4,2,8,4,7,11,10,11,5,7,7,7,0,3,7,3,2,4,6,1,1,7,18,4,17,1,1,0,2
ENSG00000150316.7,273,352,424,363,529,369,491,330,398,408,273,362,467,444,421,294,519,507,496,401,336,427,331,553,461,636,684,722,397,388,305,384,401,573,375,348,397,420,321,545,363,1148,361,501,385,484,419,256,509,712,475,865,426,355,299,300,448,353,545,392,457,316,552,577,569,304,507,339,452,864,634,488,484,467,567,471,255,385,407,453,611,258,556,662,685,645,499,624,580,666,560,643,614,522,630,835,512,636,717,692,575,545,588,742,601,451,562,725,851,584,534,722,631,532,530,653,808,868,584,633,915,540
ENSG00000259852.2,0,0,0,0,0,0,0,0,0,0,0,0,0,0,0,0,0,0,0,0,0,0,0,0,0,0,0,0,0,0,0,0,0,0,0,0,0,0,1,0,0,0,0,0,0,0,0,0,0,0,0,0,0,0,0,0,0,0,0,0,0,0,0,0,0,0,0,0,0,0,0,0,0,0,0,0,0,0,0,0,0,0,0,0,0,0,0,0,0,0,0,0,0,0,0,0,0,0,0,0,0,0,0,0,0,0,0,0,0,0,0,0,0,0,0,0,0,0,0,0,0,0
ENSG00000205331.4,0,0,0,0,0,0,0,0,0,0,0,0,0,0,0,0,0,0,0,0,0,0,0,0,0,0,0,0,0,0,0,0,0,0,0,0,0,0,0,0,0,0,0,0,0,0,0,0,0,0,0,0,0,0,0,0,0,0,0,0,0,0,0,0,0,0,0,0,0,0,0,0,0,0,0,0,0,0,0,0,0,0,0,0,0,0,0,0,0,0,0,0,0,0,0,0,0,0,0,0,0,0,0,0,0,0,0,0,0,0,0,0,0,0,0,0,0,0,0,0,0,0
ENSG00000231952.3,13,15,19,19,21,18,12,16,11,18,11,27,17,10,38,18,23,17,16,18,34,13,11,36,41,13,30,18,13,17,12,17,27,9,29,55,20,19,62,56,21,27,25,56,41,26,30,26,43,50,22,31,26,34,44,26,94,36,29,27,42,12,21,41,26,17,20,32,36,15,41,15,14,7,19,21,27,24,9,23,35,17,10,20,15,12,15,31,14,27,14,8,23,18,13,23,29,25,8,35,16,18,7,21,25,9,8,15,17,17,10,23,19,8,16,25,21,49,8,15,33,13
ENSG00000252894.1,5,2,4,0,2,3,2,1,2,6,0,2,1,4,4,13,2,4,4,4,1,6,4,5,9,5,4,3,3,2,3,5,9,4,13,11,12,8,4,8,4,4,2,4,9,16,5,7,8,5,6,7,5,14,11,6,5,7,11,5,8,2,3,4,4,2,19,11,9,13,8,3,5,0,1,0,6,4,1,3,5,3,1,4,2,3,1,6,4,4,4,2,1,3,3,2,2,1,10,7,5,0,3,1,6,1,3,7,2,2,3,0,1,4,2,9,3,1,0,6,2,3
ENSG00000196748.5,0,0,0,0,0,0,0,0,0,0,0,0,0,0,0,0,0,0,0,0,0,0,0,1,0,4,0,0,0,0,0,0,0,0,0,0,0,0,0,0,0,0,0,1,0,0,0,0,0,0,0,1,0,0,0,0,0,0,2,0,0,0,0,0,0,0,0,0,0,1,0,0,0,0,0,0,0,0,0,0,0,0,0,0,0,0,0,0,0,0,0,0,0,0,0,0,0,0,0,0,0,0,0,0,0,0,0,0,1,0,0,0,0,0,0,0,0,0,0,0,0,0
ENSG00000160229.7,27,19,11,29,31,27,28,12,16,20,7,12,12,18,12,39,35,18,15,36,24,75,13,15,73,98,86,47,19,25,41,160,33,58,19,36,97,43,63,36,116,81,49,9,18,10,27,89,105,10,36,76,70,23,146,42,125,54,38,46,74,36,7,76,16,12,57,242,185,93,135,10,22,13,16,11,18,16,12,23,55,17,13,20,47,41,19,33,33,32,23,29,41,19,42,47,25,51,50,55,84,17,23,30,78,22,24,100,13,36,35,50,26,11,34,108,19,36,19,27,15,30
ENSG00000206791.1,0,0,0,0,0,0,0,0,0,0,0,0,0,0,0,0,0,0,0,0,0,0,0,0,0,0,0,0,0,0,0,0,0,0,0,0,0,0,0,0,0,0,0,0,0,0,0,0,0,0,0,0,0,0,0,0,0,0,0,0,0,0,0,0,0,0,0,0,0,0,0,0,0,0,0,0,0,0,0,0,0,0,0,0,0,0,0,0,0,0,0,0,0,0,0,0,0,0,0,0,0,0,0,0,0,0,0,0,0,0,0,0,0,0,0,0,0,0,0,0,0,0
ENSG00000261182.1,0,3,0,0,0,0,1,0,0,0,1,0,0,0,2,1,0,0,0,0,3,10,0,5,8,4,3,0,0,0,5,2,2,88,13,35,84,2,6,251,44,1,29,74,0,1,7,112,170,2,141,70,744,0,0,0,124,0,24,1,130,51,1,23,153,131,46,4,0,2,0,2,1,0,0,2,0,1,0,42,5,4,0,0,3,0,2,0,0,0,0,0,1,0,0,12,1,1,0,4,0,0,0,0,1,0,0,3,3,4,0,0,0,6,23,1,0,68,0,2,7,0
ENSG00000203780.6,2,2,3,15,8,1,2,3,7,5,2,3,2,2,1,3,5,1,0,6,1,8,1,2,9,2,28,7,3,1,2,45,3,12,3,0,4,11,9,3,0,2,70,0,0,2,9,6,10,1,9,3,8,2,8,2,11,3,4,7,1,1,1,1,1,0,4,3,14,56,23,2,6,2,2,6,5,3,0,5,2,2,1,4,13,12,2,8,5,8,7,4,9,2,11,11,3,11,10,25,8,7,2,9,26,4,5,20,4,9,8,11,7,6,9,13,9,10,5,2,3,11
ENSG00000211978.2,0,0,1,0,4,0,0,0,0,1,0,1,0,0,0,1,1,2,2,5,1,1,0,1,3,6,1,0,0,1,4,5,0,2,2,0,3,2,10,15,7,2,5,2,27,1,8,1,0,1,5,5,5,13,1,0,7,1,3,1,4,3,0,0,14,0,10,18,16,3,2,1,0,0,0,0,0,0,0,0,6,0,0,1,4,3,0,2,1,0,2,0,1,0,3,4,3,8,3,3,3,2,1,1,1,0,1,8,0,3,3,2,1,1,2,8,2,1,0,1,5,0
ENSG00000132874.9,2,5,4,2,8,3,3,2,0,5,2,3,2,8,0,2,1,4,11,8,10,8,1,6,11,1,15,16,4,2,16,13,5,1,6,21,2,5,49,12,7,1,8,13,11,5,9,1,9,2,7,8,13,7,9,13,0,1,1,13,1,7,9,4,9,1,14,39,3,13,11,1,13,2,2,7,6,10,1,2,36,5,3,4,3,7,2,3,20,9,3,9,3,4,19,8,2,12,8,6,13,6,4,11,7,3,5,11,1,21,4,10,10,1,7,8,7,2,8,17,15,7
ENSG00000212039.1,0,0,0,0,0,0,0,0,0,0,0,0,0,0,0,0,0,0,0,0,0,0,0,0,0,0,0,0,0,0,0,0,0,0,0,0,0,0,0,0,1,0,0,0,0,0,0,0,0,0,0,0,0,0,0,0,0,0,0,0,0,0,0,0,0,0,0,1,0,0,0,0,0,0,0,0,0,0,0,0,0,0,0,0,0,0,0,0,0,0,0,0,0,0,0,0,0,0,0,0,0,0,0,0,0,0,0,0,0,0,0,0,0,0,0,0,0,0,0,0,0,0
ENSG00000221923.4,39,30,25,87,91,27,44,27,30,50,24,40,42,69,29,15,34,32,23,54,52,110,20,22,25,381,239,121,21,17,18,275,42,57,9,6,113,48,25,16,113,207,109,12,11,9,92,52,50,14,19,43,98,15,139,22,134,14,34,87,24,12,32,43,16,39,56,31,274,49,191,17,20,30,21,25,13,25,59,12,55,13,46,115,58,57,28,61,62,61,51,70,111,32,155,163,49,110,122,202,168,61,58,117,140,37,51,154,22,66,112,83,84,20,64,160,136,83,57,20,39,39
ENSG00000109805.5,9,15,2,9,38,16,10,5,9,49,4,6,9,20,21,121,53,65,105,62,93,67,35,611,116,584,48,850,79,7,75,274,400,227,1065,149,402,205,591,234,208,278,84,81,143,157,595,136,248,115,157,143,82,347,343,28,269,1796,719,33,1910,64,53,331,735,67,230,143,312,453,540,36,30,16,77,50,9,73,15,66,335,6,5,9,24,11,7,25,21,7,39,38,29,15,25,38,22,20,91,25,23,7,31,18,43,16,17,57,706,26,20,75,15,13,48,88,34,870,40,231,958,37
ENSG00000127329.10,2107,1506,1655,2516,2745,2011,1083,1873,2355,976,1011,1973,1412,1753,1076,519,787,1339,790,1271,654,1500,1171,1121,1350,323,1327,2260,1271,1043,917,837,1241,1583,248,371,419,733,1336,621,603,1526,1664,544,661,240,1507,1196,744,570,837,1205,1541,715,608,762,418,339,709,2048,331,421,1077,365,650,786,1109,820,680,932,621,551,2140,1534,1553,888,603,1130,1764,905,1481,800,1886,2526,2314,2296,2244,2395,2409,2439,1522,1968,1136,2453,2449,1934,2255,1570,1879,2276,2773,2609,1891,1701,2172,1898,1437,2455,922,2206,1887,2384,1418,833,1556,2690,1740,339,1395,892,1368,1588
ENSG00000267102.1,5,5,9,14,18,10,5,1,11,14,7,8,4,14,4,3,20,10,15,15,13,16,8,19,38,2,36,24,8,8,8,39,10,34,6,2,24,20,4,3,6,12,20,4,5,5,15,23,11,14,11,19,14,18,49,9,36,1,10,18,5,2,13,17,16,6,16,17,67,55,30,11,9,8,10,8,8,12,5,16,16,6,9,7,23,21,4,14,12,14,12,11,23,12,15,20,9,27,44,19,24,8,16,16,15,5,14,35,2,20,11,25,8,17,24,56,10,28,3,3,10,10
ENSG00000270720.1,5,10,5,0,11,7,32,5,4,9,6,7,12,28,21,51,15,21,62,34,26,5,28,1,7,3,7,7,29,14,22,2,47,19,6,57,22,12,10,16,6,6,2,13,2,8,29,39,15,29,8,39,38,2,3,12,5,15,3,10,16,14,24,3,11,7,56,4,8,3,14,21,15,18,10,1,24,32,12,23,10,15,9,10,26,24,9,6,6,19,18,10,4,9,10,6,9,11,7,3,22,16,24,3,9,10,17,5,62,11,9,19,14,12,10,9,15,8,10,59,22,24
ENSG00000262358.1,0,0,0,0,0,0,0,0,0,0,0,0,0,0,0,0,0,0,0,1,0,1,0,0,0,3,0,0,0,0,0,0,2,0,1,0,0,2,0,0,0,0,0,0,0,0,0,0,0,0,0,0,0,0,5,0,0,0,1,0,0,0,0,0,1,0,0,0,2,7,4,0,0,0,0,0,0,0,0,0,2,0,0,1,0,0,1,0,2,0,0,0,0,0,2,0,1,2,0,0,0,0,0,0,0,0,0,1,0,0,0,0,0,0,0,0,0,0,0,0,0,0
ENSG00000250594.2,1,2,0,0,0,0,0,0,0,2,1,0,0,1,1,0,0,0,1,0,2,0,0,0,3,0,0,0,3,0,1,0,3,2,0,0,5,0,0,0,5,1,0,1,3,0,1,1,1,0,0,1,0,0,0,0,0,0,0,4,0,0,0,0,0,0,0,0,0,0,0,0,0,2,0,0,0,1,1,0,0,1,0,1,1,2,0,0,2,1,1,0,0,0,0,2,0,0,1,0,0,0,0,0,0,0,0,0,1,0,0,2,1,0,1,0,0,0,0,0,0,1
ENSG00000271148.1,0,0,0,0,0,0,0,0,0,0,0,0,0,0,0,0,0,0,0,0,0,0,0,0,0,0,0,0,0,0,0,0,0,0,0,0,0,0,0,0,3,1,0,0,0,6,0,1,0,0,0,0,0,0,0,0,0,0,0,0,0,0,0,0,0,0,0,0,0,0,0,0,0,0,0,0,0,0,0,0,3,0,0,0,1,0,0,0,0,0,0,0,0,0,0,0,0,0,0,0,0,0,0,0,0,0,0,0,0,0,0,0,0,0,0,0,0,0,0,0,0,0
ENSG00000144199.7,21,35,11,11,41,18,32,19,18,25,6,21,27,62,5,344,14,13,6,15,94,41,91,62,38,66,80,92,11,5,137,74,35,23,36,5,35,23,77,35,9,6,41,8,63,4,111,10,36,145,12,315,43,36,53,49,215,9,140,66,223,11,2,61,21,11,141,6,12,47,26,19,54,18,24,36,26,8,10,20,34,50,61,59,74,90,51,42,48,31,43,46,70,79,116,115,49,80,89,81,57,35,64,65,128,51,63,122,96,41,89,73,77,83,106,65,126,73,133,90,284,18
ENSG00000263570.1,0,0,0,0,0,0,0,0,0,0,0,0,0,0,0,0,0,0,0,0,0,0,0,0,0,0,0,0,0,0,0,0,0,0,0,0,0,0,0,0,0,0,0,0,0,0,0,0,0,0,0,0,0,0,0,0,0,0,0,0,0,0,0,0,0,0,0,0,0,0,1,0,0,0,0,0,0,0,0,0,0,0,0,0,0,0,0,0,0,0,0,0,0,0,0,0,0,0,0,0,0,0,0,0,0,0,0,0,0,0,0,0,0,0,0,0,0,0,0,0,0,0
ENSG00000259977.1,2,2,6,5,3,6,1,7,6,1,2,4,3,0,0,2,3,1,2,0,0,1,0,2,2,0,6,6,1,5,1,6,0,3,5,4,1,0,3,0,0,1,2,0,2,0,0,3,4,0,1,2,3,8,0,2,1,2,3,7,0,7,0,1,1,1,4,1,0,2,0,2,4,6,3,3,2,4,6,0,5,1,2,10,0,3,4,21,5,2,0,0,3,8,0,3,2,2,0,10,1,2,3,3,2,3,4,0,2,4,0,5,0,1,1,0,2,2,8,1,2,0
ENSG00000261469.1,41,36,23,2,25,34,61,18,9,16,37,55,14,48,33,12,18,21,20,11,18,6,8,2,17,4,10,16,30,10,26,3,10,2,12,23,17,4,4,143,33,5,3,26,10,2,4,26,35,11,5,14,30,2,0,9,23,10,3,15,2,11,5,1,2,3,10,5,1,0,0,20,17,14,13,3,7,19,30,20,6,64,71,79,64,85,58,55,55,84,102,51,12,40,24,28,52,69,21,12,55,63,86,28,43,26,59,30,16,56,41,40,44,24,50,53,97,9,68,19,75,74
ENSG00000229941.1,3,20,11,0,3,7,3,7,2,0,11,12,1,8,0,0,5,4,3,2,15,4,0,1,2,2,0,1,25,4,2,5,1,0,74,0,59,19,7,0,6,0,2,0,9,6,0,10,1,1,2,7,2,0,1,7,24,1,3,3,1,26,0,5,2,0,2,0,2,1,1,0,4,2,3,1,6,28,17,0,6,5,3,5,14,34,7,5,13,22,2,6,2,9,4,1,9,4,2,1,20,8,11,2,4,8,2,1,1,18,3,4,3,0,4,5,5,8,3,0,2,4
ENSG00000184361.8,2,3,5,0,2,1,0,3,0,2,1,3,1,2,4,6,2,0,3,3,1,3,0,0,0,1,4,3,2,1,0,7,1,6,0,0,8,7,4,9,2,1,3,2,2,6,3,0,9,2,4,2,8,0,6,2,3,3,3,7,2,1,4,0,0,0,6,2,6,13,1,3,1,1,2,0,1,0,3,3,2,1,2,5,4,3,5,3,7,2,3,1,9,2,4,6,3,5,7,6,4,1,2,1,8,0,0,4,0,2,0,4,2,0,10,6,3,4,3,1,3,4
ENSG00000227394.1,0,1,0,2,2,0,0,1,0,1,0,1,0,3,1,3,2,0,4,7,1,3,1,3,4,3,6,2,2,3,2,4,4,5,1,1,3,4,7,4,7,1,2,2,5,5,4,4,6,3,2,1,9,10,6,2,2,2,5,5,1,1,1,5,0,0,3,4,4,1,4,0,0,0,1,0,4,1,1,1,2,0,0,1,1,0,1,0,2,0,2,2,3,0,2,4,2,2,11,2,5,2,1,1,3,1,1,8,1,0,2,3,1,0,4,13,1,0,0,0,1,1
ENSG00000108774.10,193,171,172,207,263,245,214,159,271,205,143,228,267,218,259,172,276,286,214,181,179,229,156,220,196,265,293,297,178,166,151,219,152,317,224,126,178,180,218,246,111,656,255,365,176,282,343,166,191,201,283,228,271,185,178,100,307,219,246,156,509,155,192,188,310,237,173,156,201,478,210,201,236,180,196,284,121,180,150,203,295,121,355,436,410,403,326,453,407,389,322,370,442,401,434,487,344,433,591,557,371,412,386,538,426,315,301,587,419,377,345,414,399,369,355,392,478,963,359,386,567,386
ENSG00000130985.12,1017,1151,1102,1396,1301,1363,1029,927,1452,1096,769,1320,1204,1167,1433,1178,1265,1234,1043,1440,1283,1207,1172,1515,1509,1908,1788,2098,1045,920,917,1226,1004,1707,2942,1435,1287,1309,1783,3156,804,4010,2020,1463,1258,1954,1838,1006,2118,1859,1551,4347,2056,1594,1495,811,2399,2174,1867,1207,1990,1071,1088,1682,1377,912,1350,1594,1288,2049,1016,1111,1185,1108,991,2385,1100,1090,1052,1279,1896,1040,1436,2474,1842,1750,1354,1863,1653,1987,1446,1979,2023,1488,2211,2023,1579,1874,3055,2118,2196,2152,1945,1616,2221,1629,1453,2573,2390,1635,1352,2113,1773,2648,2053,2963,2750,4272,1636,4183,3172,2044
ENSG00000212025.2,0,0,0,0,0,0,0,0,0,0,0,0,0,0,0,0,0,0,0,0,0,0,0,0,0,0,0,0,0,0,0,0,0,0,0,0,0,0,0,0,0,0,0,0,0,0,0,0,0,1,0,0,0,0,0,0,0,0,0,0,0,0,0,0,0,0,0,0,0,0,0,0,0,0,0,0,0,0,0,0,0,0,0,0,1,0,0,0,0,0,0,0,0,0,0,0,0,0,0,0,0,0,1,0,0,0,0,0,0,0,0,0,0,0,0,0,0,0,0,0,0,0
ENSG00000064601.12,484,552,495,647,569,805,662,527,1088,984,422,530,693,707,1046,631,1598,1121,893,725,745,838,860,1705,764,1431,1304,1186,645,724,813,695,768,1325,1173,817,1329,1275,688,1853,742,2418,724,1549,464,1932,1292,675,1716,1572,2146,1424,1753,1063,699,500,2203,1578,2131,802,5818,794,612,1044,1044,1135,1275,1858,796,1446,1057,1592,973,908,690,1838,568,797,500,1249,1685,490,1013,1233,1316,1297,1032,1482,1401,941,1291,1739,1838,1241,1594,1463,1182,1401,2652,1708,1297,1215,1498,1979,1597,1837,1327,2555,2515,1495,1205,2145,1600,3230,1606,1839,2421,3354,1433,2032,2376,2319
ENSG00000147124.8,168,145,165,197,185,161,140,150,167,186,128,191,185,189,186,195,203,199,159,189,160,197,204,223,243,130,326,289,170,164,180,213,218,284,271,241,229,189,161,311,166,490,195,198,264,215,267,191,309,247,188,181,288,149,184,166,195,412,170,245,304,118,293,195,245,216,207,367,244,251,170,132,145,161,167,150,151,170,140,234,196,182,174,292,281,256,209,296,254,269,203,287,259,210,267,335,197,215,373,273,327,244,234,240,340,181,207,316,327,256,230,302,200,136,244,391,306,400,213,518,266,254
ENSG00000189002.9,1,0,0,0,0,0,1,2,2,1,0,1,2,0,1,0,2,0,0,1,0,0,0,0,1,0,0,0,0,0,0,0,0,0,0,0,1,0,0,0,0,0,0,1,0,0,1,1,2,0,0,0,0,1,0,0,1,0,0,0,0,0,0,0,0,0,0,0,0,0,0,0,0,0,0,0,0,0,0,0,0,0,0,2,2,1,0,0,0,0,0,1,1,1,0,1,0,1,5,0,1,1,1,1,0,0,1,0,2,1,0,2,1,3,0,0,3,1,0,1,1,1
ENSG00000235944.3,19,17,12,7,20,18,21,4,13,19,12,18,4,20,10,23,21,16,23,17,22,17,14,30,25,12,28,26,12,12,35,45,32,55,5,42,51,49,38,69,129,54,19,55,46,57,31,49,27,45,20,49,50,26,33,13,521,47,97,23,51,11,8,39,23,34,43,100,56,53,52,10,19,8,14,11,2,19,12,29,14,6,16,26,44,24,9,30,36,27,27,17,14,16,25,23,15,33,39,28,51,26,19,21,62,15,18,48,37,31,20,16,25,18,34,49,17,63,11,47,17,34
ENSG00000222129.1,0,5,0,0,0,0,1,0,0,0,0,0,0,1,0,0,0,0,0,0,0,0,0,0,2,0,0,1,0,0,0,0,1,0,0,1,0,0,0,3,0,1,0,0,0,0,1,1,1,1,1,2,1,0,0,0,0,0,0,0,0,0,0,0,0,0,2,0,0,0,0,0,0,0,0,0,0,0,1,0,0,2,1,0,1,0,0,1,1,0,0,0,0,0,0,0,0,1,1,0,0,0,2,0,0,0,0,0,0,0,0,0,1,1,0,0,2,0,0,0,0,0
ENSG00000166126.6,6,258,19,29,29,8,43,54,69,19,35,134,101,15,18,1,5,2,1,22,52,6,3,14,63,50,11,19,106,15,42,23,4,7,42,3,9,1,31,9,40,1,13,4,8,1,43,9,37,35,19,17,47,14,3,3,61,3,6,10,1,15,1,3,31,0,17,5,29,2,7,12,26,25,35,8,20,25,81,19,71,12,99,130,171,54,97,114,462,228,69,341,67,86,216,74,111,872,25,39,26,118,63,230,115,74,23,124,25,55,41,38,21,80,68,22,19,15,48,35,501,447
ENSG00000231302.1,1,1,1,4,2,5,2,5,1,0,0,0,0,0,2,0,0,0,1,2,2,2,0,0,0,0,1,0,2,2,0,0,0,0,0,0,1,0,0,0,1,0,1,0,0,0,0,0,0,0,1,1,0,0,1,0,2,0,1,3,0,1,0,0,0,0,3,0,1,2,3,1,0,1,2,1,0,0,0,1,0,1,2,1,1,1,3,3,1,3,2,0,2,1,1,0,3,7,0,4,3,2,1,2,2,0,7,4,0,1,3,1,1,1,1,4,0,0,0,0,0,2
ENSG00000268442.1,12,6,5,2,7,5,10,7,3,2,1,6,4,11,6,5,6,2,17,5,4,18,42,6,10,4,6,5,7,3,8,17,8,8,6,16,13,2,12,23,13,14,4,35,47,2,8,16,32,11,19,30,12,12,10,13,2,6,9,10,5,10,2,5,0,7,28,48,7,7,7,1,0,5,2,2,3,10,8,6,4,5,3,13,10,13,3,2,5,21,12,6,6,7,3,4,6,14,7,5,13,8,5,4,9,2,6,12,5,1,4,4,3,1,3,17,6,0,4,6,8,4
ENSG00000244031.3,0,0,0,0,0,0,0,0,0,0,0,0,0,0,0,0,0,0,0,0,0,0,0,0,0,0,0,0,0,0,0,0,0,0,0,0,0,0,0,0,0,0,0,0,0,0,0,0,0,0,0,0,0,0,0,0,0,0,0,0,0,0,0,0,0,0,0,0,0,0,0,0,0,0,0,0,0,0,0,0,0,0,0,0,0,0,0,0,0,0,0,0,0,0,0,0,0,0,0,0,0,0,0,0,0,0,0,0,0,0,0,0,0,0,0,0,0,0,0,0,0,0
ENSG00000268957.1,0,0,0,0,1,0,0,0,0,0,0,0,0,0,0,0,0,0,0,0,0,0,0,0,0,0,0,0,0,0,0,0,0,0,0,0,0,0,0,0,0,0,0,0,0,0,0,0,0,0,1,0,0,0,0,0,0,0,0,0,0,0,0,0,0,0,0,0,0,0,0,0,0,0,0,0,0,0,0,1,0,0,0,0,0,0,0,0,0,0,0,1,0,0,1,0,0,1,0,0,0,0,0,0,0,0,2,0,0,0,0,0,0,0,1,2,0,0,0,0,0,1
ENSG00000231392.1,0,0,0,0,0,0,0,0,0,0,0,0,0,0,0,0,0,0,0,0,0,0,0,0,0,0,0,0,0,0,0,0,0,0,0,0,0,0,0,0,0,0,0,0,0,0,0,0,0,0,0,0,0,0,0,0,0,0,0,0,0,0,0,0,0,0,0,0,0,0,0,0,0,0,0,0,0,0,0,0,0,0,0,0,0,0,0,0,0,0,0,0,0,0,0,0,0,0,0,0,0,0,1,0,0,0,0,0,0,0,0,0,0,0,0,0,0,0,0,0,0,0
ENSG00000237211.2,1,0,0,0,0,0,0,0,0,0,1,0,0,0,0,0,1,0,0,0,0,0,27,2,0,0,0,0,0,1,0,0,0,1,0,0,0,0,0,7,0,0,0,0,0,0,0,0,0,0,0,1,0,0,0,0,0,0,0,1,0,0,0,0,0,1,0,0,0,0,0,0,0,0,0,0,0,1,0,0,0,0,0,0,0,0,0,0,0,0,0,0,0,0,1,0,0,0,0,1,0,0,2,0,0,0,0,0,0,0,0,2,2,0,0,0,0,0,0,0,0,0
ENSG00000227879.2,0,0,1,1,2,3,3,1,3,1,0,1,1,0,1,0,1,0,1,1,3,1,4,1,2,3,3,0,2,0,1,3,0,2,0,3,3,2,1,2,3,1,2,1,1,0,0,3,2,3,2,1,5,3,1,2,5,0,1,3,1,1,0,7,1,0,2,2,2,0,1,0,4,0,2,0,1,2,0,0,5,0,0,1,3,0,0,1,0,2,0,0,1,1,1,1,3,1,1,2,1,0,2,0,3,0,0,2,1,0,1,2,0,0,2,1,0,0,1,0,3,1
ENSG00000272512.1,2,1,4,9,3,1,2,1,3,3,0,4,2,2,0,0,2,7,1,6,0,2,8,6,5,1,7,8,4,2,12,36,2,3,6,7,0,3,5,4,1,2,11,6,6,6,6,7,4,10,3,0,2,1,5,1,13,2,2,0,0,0,1,0,0,1,0,10,9,5,12,0,0,2,1,5,0,2,0,4,4,2,5,8,10,10,6,4,6,6,3,1,12,2,20,27,2,42,33,16,18,5,3,5,14,4,10,28,14,16,16,7,16,11,10,17,9,12,4,12,39,11
ENSG00000254312.1,0,0,0,0,0,0,0,0,0,0,0,0,0,0,0,0,0,0,0,0,0,0,0,0,0,0,0,0,0,0,0,0,0,1,0,0,0,0,0,0,0,0,0,0,0,0,0,0,0,0,0,0,0,0,2,1,1,0,0,0,0,0,0,0,0,0,0,0,0,0,0,0,0,0,0,0,0,0,0,0,0,0,0,0,0,0,0,0,0,0,0,0,0,0,0,0,0,0,0,0,0,0,0,0,0,0,0,1,0,0,0,0,0,0,0,0,0,0,0,0,0,0
ENSG00000259981.1,0,0,0,0,0,0,0,0,0,0,0,0,0,0,0,0,0,0,0,0,0,0,0,0,0,0,0,0,0,0,0,0,0,0,0,0,0,0,0,0,0,0,0,0,0,0,0,0,0,0,0,0,0,0,0,0,0,0,0,0,0,0,0,0,0,0,0,0,0,0,0,0,0,0,0,0,0,0,0,0,0,0,0,0,0,0,0,0,0,0,0,0,0,0,0,0,0,0,0,0,0,0,0,0,0,0,0,0,0,0,0,0,0,0,0,0,0,0,0,0,0,0
ENSG00000205220.7,57,51,62,81,109,63,101,58,97,194,75,87,114,79,98,83,99,101,171,91,123,77,27,50,55,59,143,137,79,71,106,57,52,84,195,40,51,153,43,39,37,170,109,56,79,33,73,92,132,88,84,121,123,15,61,21,87,26,39,40,46,59,51,6,34,31,41,29,42,151,30,45,101,67,67,124,42,96,56,98,126,38,130,156,217,187,115,146,190,158,169,194,170,171,191,242,133,227,235,203,200,171,181,300,226,126,125,310,113,228,157,296,150,162,165,229,233,279,137,236,212,156
ENSG00000244025.2,0,0,0,0,0,0,0,0,0,0,0,0,0,0,0,0,0,0,0,0,0,0,0,0,0,0,0,0,0,0,0,0,0,0,0,0,0,0,0,0,0,0,0,0,0,0,0,0,0,0,0,0,0,0,0,0,3,14,3,0,0,0,0,0,0,0,0,0,0,0,0,0,0,0,0,0,0,0,0,0,0,0,0,0,0,0,0,0,0,0,0,0,0,0,0,0,0,0,0,0,0,0,0,0,0,0,0,0,0,0,0,0,0,0,0,0,0,0,0,0,0,0
ENSG00000241057.1,1,2,2,1,2,5,0,2,1,1,6,5,0,0,3,6,0,2,2,3,3,4,1,1,2,3,3,1,2,3,5,10,3,5,4,5,3,3,3,3,1,2,5,9,2,7,4,5,6,4,0,1,1,0,3,3,11,0,3,1,2,3,1,2,1,1,2,11,3,1,6,0,2,2,5,1,0,0,2,2,0,3,1,1,4,3,4,4,6,0,1,1,3,4,1,4,1,3,3,1,1,1,1,3,10,3,4,5,1,1,0,2,2,0,1,3,2,0,2,4,7,3
ENSG00000001460.13,16,25,10,28,27,21,30,11,18,24,18,21,13,44,20,187,42,29,14,39,33,52,21,46,30,52,76,31,24,33,39,72,46,54,57,38,60,36,16,68,11,84,34,32,22,183,185,45,62,74,47,78,47,114,53,23,85,64,109,41,123,9,27,59,21,62,84,26,42,80,42,45,24,15,33,37,15,27,19,63,35,16,23,37,40,38,44,28,32,31,35,22,55,14,62,55,26,57,86,62,57,20,31,47,84,38,32,84,117,53,43,59,42,37,56,82,64,176,33,91,130,48
ENSG00000198231.8,928,1083,1110,1260,1382,1070,1003,1136,1187,1065,769,1147,1074,993,1358,1101,1338,2092,1108,1218,1084,1558,1440,1749,1636,2219,1855,2445,980,958,984,2067,1549,1610,1985,1578,1190,1380,1938,2037,1188,1905,1330,2271,2297,2125,1497,1341,1630,1820,1578,1685,1726,2009,1745,1290,1525,1869,1431,1479,2323,1274,1098,1959,2194,1192,1735,1281,2095,1815,1762,1017,1255,1129,1203,1266,963,1157,779,1126,2110,974,1325,1805,1672,1599,1316,1893,1503,1506,1257,1312,1455,1611,3492,2009,1607,1492,2423,1958,1843,1489,1457,1415,2133,1062,1209,2048,2215,1499,1541,1978,1130,1213,1666,2156,1484,2068,1223,1764,2270,1615
ENSG00000145642.7,0,0,1,0,0,0,1,0,0,0,0,0,1,1,1,1,0,3,1,1,0,0,0,1,0,1,0,1,0,0,1,0,1,0,0,0,1,0,1,0,1,0,0,1,0,1,0,1,0,1,2,1,0,0,1,1,0,0,1,0,0,0,0,0,0,0,1,0,0,0,0,0,0,0,0,0,0,0,1,0,1,0,0,1,0,1,0,1,0,2,0,0,1,0,0,0,0,0,0,0,0,0,0,0,0,0,1,0,2,1,0,2,0,0,0,2,0,1,0,0,1,0
ENSG00000117360.8,476,427,407,420,652,390,600,385,424,478,336,508,415,431,528,973,611,705,473,672,437,600,1510,1013,1112,396,667,739,388,332,683,788,837,843,1685,1058,1052,784,731,1529,1218,1237,480,1113,566,1047,1207,712,1022,740,743,826,741,647,932,583,1209,2868,1147,572,1087,642,406,1201,835,795,913,1297,1484,640,1475,383,348,599,421,373,280,493,383,751,540,603,476,959,807,658,570,672,475,592,588,403,667,495,754,816,564,683,847,727,744,507,484,440,751,368,388,704,1512,513,527,703,360,364,737,816,678,1130,423,736,915,701
ENSG00000221190.1,0,0,0,0,0,0,0,0,0,0,0,0,0,0,0,0,0,0,0,0,0,0,0,0,0,0,0,0,0,0,0,0,0,0,0,0,0,0,0,0,0,0,0,0,0,0,0,0,0,0,0,0,0,0,0,0,0,0,0,0,0,0,0,0,0,0,0,0,0,0,0,0,0,0,0,0,0,0,0,0,0,0,0,0,0,0,0,0,0,0,0,0,0,0,0,0,0,0,0,0,0,0,0,0,0,0,0,0,0,0,0,0,0,0,0,0,0,0,0,0,0,0
ENSG00000218476.2,0,0,0,0,0,0,0,0,0,0,0,0,0,0,0,38,0,6,0,0,0,0,0,0,2,28,0,0,1,1,0,0,0,13,1,2,54,41,49,1,47,5,0,2,0,0,29,69,46,0,0,1,17,0,66,22,31,38,27,0,33,20,0,46,26,0,69,0,44,1,122,6,0,0,0,0,0,2,0,0,9,0,0,0,0,1,0,1,0,0,1,0,1,0,0,0,0,0,0,0,0,0,0,0,1,0,0,0,0,0,0,0,1,0,0,1,0,3,0,0,0,0
ENSG00000107625.8,216,302,327,386,427,290,320,294,383,336,212,306,416,323,372,149,410,407,259,304,297,492,191,546,434,1008,630,803,301,303,246,499,366,779,295,269,363,428,522,428,356,882,460,398,316,349,392,180,306,464,275,635,548,434,618,332,245,372,367,417,736,316,426,370,267,419,345,469,461,574,401,353,364,349,394,322,235,374,294,380,608,236,387,476,459,435,349,494,493,416,373,552,411,453,558,636,389,470,590,656,424,400,409,480,523,299,349,553,520,386,417,596,420,302,457,603,492,552,396,394,393,371
ENSG00000101440.5,3,5,4,2,4,9,3,4,2,3,1,4,3,7,8,6,12,4,3,4,1,2,11,3,12,5,1,3,2,6,5,7,4,3,7,15,11,6,23,31,3,8,2,13,14,7,1,6,9,9,2,9,5,4,2,1,0,14,7,7,0,6,3,2,1,7,17,17,14,2,3,0,1,2,4,2,7,4,1,3,11,5,3,7,5,7,1,14,3,9,4,3,4,2,6,11,8,7,5,10,5,13,2,11,5,0,6,3,3,6,5,6,7,12,4,8,6,13,4,11,7,8
ENSG00000196772.3,0,0,1,0,0,0,0,0,0,0,0,1,0,0,0,0,0,0,1,0,0,0,1,0,0,0,0,0,0,0,0,0,0,0,0,0,0,0,0,0,0,0,0,1,0,0,0,1,0,0,0,0,0,1,0,0,0,0,0,0,0,1,0,0,0,0,0,0,0,0,0,0,0,0,2,0,0,0,0,0,0,0,0,0,0,0,0,0,0,0,0,0,0,0,0,0,0,0,1,0,0,0,0,0,0,0,0,1,1,0,0,0,0,0,1,1,0,0,0,0,1,0
ENSG00000234206.1,8,12,5,14,15,14,7,2,5,11,5,3,4,11,14,2,2,11,10,10,3,14,3,15,34,111,20,18,10,0,2,277,31,30,2,4,1,2,17,8,69,4,21,2,4,0,65,4,25,52,23,53,24,117,30,33,3,1,5,32,8,38,5,16,39,2,17,48,115,3,77,9,10,17,3,12,24,4,9,4,49,11,9,15,9,10,6,16,7,9,5,9,9,2,16,16,21,16,23,20,7,9,10,7,24,12,2,18,19,4,8,3,5,6,12,22,11,24,3,8,36,9
ENSG00000080031.5,239,356,348,364,378,383,563,190,531,298,214,218,369,552,594,286,593,989,532,538,332,450,481,260,516,290,539,370,266,437,539,419,202,70,1086,1005,153,502,555,587,730,772,539,299,404,1151,277,427,602,516,223,88,395,213,97,420,356,356,398,359,117,625,556,166,351,1312,275,1161,168,162,275,276,374,535,537,275,194,429,238,1494,377,579,459,415,607,611,382,411,492,332,543,475,780,256,513,599,430,624,922,479,394,496,242,690,438,491,498,814,310,433,396,850,498,326,699,935,746,1315,584,274,1148,660
ENSG00000154001.9,469,508,534,989,565,699,535,600,838,583,323,602,739,557,696,790,858,784,677,617,658,895,794,1252,821,946,1026,1419,604,736,780,890,705,947,851,662,818,535,551,853,285,667,846,750,584,409,864,684,696,956,1012,1432,974,977,749,431,560,1445,582,924,1028,932,701,726,843,817,687,937,685,1326,814,647,623,707,707,874,871,610,524,896,870,482,492,1060,605,652,565,965,780,818,619,897,872,999,761,795,723,557,1421,1207,908,846,756,691,831,450,612,1188,889,563,680,993,589,578,807,1313,885,2009,642,753,719,690
ENSG00000268947.1,14,37,38,10,27,15,28,29,10,29,15,27,17,27,27,44,27,28,23,26,8,20,39,25,21,17,31,25,14,10,27,69,27,36,11,40,46,33,21,62,30,18,19,40,27,38,28,31,45,28,13,29,36,39,74,23,18,157,17,30,9,17,13,42,14,26,33,51,41,18,44,16,18,10,10,17,10,6,4,23,21,44,17,27,45,47,23,37,14,29,32,14,33,20,33,36,26,52,37,24,31,19,14,23,32,15,24,24,26,26,28,35,14,11,27,33,27,17,28,32,104,25
ENSG00000231982.1,0,0,0,0,0,0,1,0,0,0,0,0,0,1,0,0,0,0,0,0,0,0,0,1,0,3,0,2,0,0,0,2,1,0,6,2,0,0,0,2,0,1,0,1,0,1,1,0,1,0,0,2,1,2,21,0,2,3,0,0,1,0,0,0,0,0,2,0,1,1,0,0,0,0,0,0,0,0,0,1,0,0,0,0,0,0,0,1,0,0,1,0,1,0,0,0,1,0,1,2,0,0,0,1,1,1,0,1,1,0,0,1,0,1,0,0,1,11,1,0,1,0
ENSG00000253833.1,1,2,1,0,3,2,3,4,2,0,1,4,1,0,6,3,2,2,1,5,0,6,0,4,3,1,0,4,1,1,0,5,4,9,7,4,7,8,2,1,3,6,1,5,1,1,12,3,4,7,3,3,4,7,4,2,4,0,0,1,17,1,0,3,4,3,1,1,1,4,2,0,2,1,5,2,1,0,0,2,2,1,0,7,0,1,1,0,2,2,4,2,3,1,0,6,2,3,1,1,2,6,2,6,0,6,1,1,1,5,2,3,3,1,1,2,2,2,3,1,3,1
ENSG00000258509.1,0,0,0,0,0,0,0,0,0,0,0,0,0,0,0,0,0,0,0,1,0,0,0,0,0,0,0,0,0,0,0,0,0,0,0,0,0,0,0,0,1,0,0,0,0,0,0,1,0,0,0,0,0,0,0,0,0,1,0,0,1,0,0,0,0,0,1,1,0,0,0,0,0,0,0,0,0,0,0,0,0,0,0,0,0,1,0,0,0,0,0,0,0,0,0,0,0,0,0,0,0,0,0,0,0,0,0,1,0,0,0,0,0,0,0,0,0,0,0,0,0,0
ENSG00000123407.3,0,0,0,0,0,0,0,0,0,0,0,0,0,0,0,0,0,0,0,0,0,0,0,0,0,0,0,0,0,0,0,3,0,0,0,0,0,0,0,0,0,0,0,0,0,0,0,0,0,0,0,0,0,0,0,0,0,0,0,0,0,0,0,0,0,0,0,0,0,0,0,0,0,0,0,0,0,0,0,0,0,0,0,0,0,0,0,0,0,0,0,0,0,0,0,0,0,0,0,0,0,0,0,0,0,0,0,0,0,0,0,0,0,0,0,0,0,0,0,0,0,0
ENSG00000250420.4,0,0,0,0,0,0,0,0,0,0,0,0,0,1,0,0,0,0,0,0,0,0,0,0,0,7,0,0,0,0,0,2,0,1,0,0,0,0,0,2,0,2,0,0,0,0,0,213,2,0,0,0,5,1,0,0,0,0,0,0,0,374,0,53,0,0,1,0,0,3,1,0,0,0,0,0,0,0,0,0,2,0,0,0,0,0,0,0,0,0,0,0,0,1,0,0,0,0,1,0,0,0,1,0,0,0,1,0,0,0,0,0,0,0,0,0,0,0,0,0,0,0
ENSG00000236764.4,0,0,0,0,0,0,0,1,0,0,0,0,0,0,0,0,0,0,0,0,0,0,0,0,0,0,0,0,0,0,0,0,0,0,0,0,0,1,0,0,0,0,0,0,0,0,0,0,0,0,0,0,0,0,0,0,0,0,0,0,0,0,0,0,0,0,0,0,0,0,0,0,0,0,0,0,0,0,0,0,0,0,0,0,0,0,0,0,0,0,0,0,0,0,0,0,0,0,0,0,0,0,0,0,0,0,0,0,0,0,0,0,0,0,0,0,0,0,0,0,0,0
ENSG00000106125.14,26,31,31,69,38,33,50,57,32,25,17,27,21,33,29,37,32,20,5,70,40,124,15,23,41,18,149,60,37,17,27,114,46,39,49,52,47,26,59,67,43,18,81,10,4,35,78,40,69,54,18,15,89,31,59,59,93,16,31,95,20,10,17,32,17,10,46,143,84,61,87,19,34,32,21,46,37,21,15,26,32,31,34,49,44,42,37,43,27,67,43,23,83,47,77,106,54,68,113,128,121,67,91,54,110,24,36,162,20,60,57,79,28,43,72,246,31,40,14,31,17,34
ENSG00000257802.1,21,47,27,12,31,27,28,46,27,22,27,48,24,28,13,29,39,39,24,17,20,42,51,35,50,27,23,46,36,23,27,45,29,33,26,39,32,32,27,47,28,31,53,28,40,24,15,38,40,19,28,11,32,31,27,60,23,48,22,54,35,76,15,12,16,17,29,29,34,27,24,28,42,30,36,19,31,71,28,13,22,23,17,61,24,32,38,26,21,22,16,22,22,69,33,18,26,22,40,34,33,35,9,14,33,32,25,54,12,23,31,57,20,15,28,34,13,10,28,20,24,26
ENSG00000200693.1,5,6,5,5,11,3,11,9,8,10,4,4,9,13,6,4,8,6,4,2,7,3,2,6,3,5,13,9,5,3,5,6,3,8,8,0,2,3,8,6,2,6,3,14,0,1,10,3,1,22,1,5,6,3,2,4,0,11,2,2,2,0,8,18,2,4,4,4,12,3,5,4,6,1,1,3,0,6,14,8,8,1,7,13,15,9,15,11,15,14,17,8,16,6,17,22,6,15,16,17,11,6,15,13,16,10,12,15,17,15,16,8,7,4,12,11,15,44,13,11,14,5
ENSG00000129910.3,0,51,3,0,3,2,0,1,2,2,6,1,0,1,0,25,3,0,0,50,0,23,47,0,5,0,30,0,0,7,2,15,6,6,0,0,56,0,0,15,0,4,1,0,0,20,0,35,0,0,1,1,2,0,0,0,3,6,4,4,0,0,0,0,1,0,12,9,20,0,2,30,6,150,2,4,0,0,1,29,9,84,3,0,8,28,7,7,31,2,4,0,14,5,52,6,12,13,9,49,3,12,3,1,116,3,16,45,50,87,5,5,18,3,77,108,36,33,41,0,6,60
ENSG00000234595.1,0,0,0,0,0,0,0,0,0,0,0,0,0,0,0,0,0,0,0,0,0,0,0,0,0,0,0,0,0,0,0,0,0,0,0,0,0,0,0,0,0,0,0,0,0,0,0,0,0,0,0,0,0,0,0,0,0,0,0,0,0,0,0,0,0,0,0,0,0,0,0,0,0,0,0,0,0,0,0,0,0,0,0,0,0,0,0,0,0,0,0,0,0,0,0,0,0,0,0,0,0,0,0,0,0,0,0,0,0,0,0,0,0,0,0,0,0,0,0,0,0,0
ENSG00000271824.1,0,4,1,2,2,1,2,1,2,0,1,1,0,1,2,2,0,2,1,1,1,3,1,11,18,58,0,77,4,2,2,79,37,12,16,6,8,6,4,4,2,1,12,2,3,5,52,0,7,64,1,177,1,40,2,3,13,1,1,2,0,1,1,6,6,0,5,83,0,0,76,1,3,5,3,2,2,0,0,1,2,1,4,4,1,3,3,6,0,3,2,0,3,6,3,5,8,3,14,9,4,0,1,1,1,3,3,4,120,2,0,5,1,4,2,4,4,49,4,1,31,5
ENSG00000218018.2,3,3,5,3,4,1,6,3,6,2,5,4,1,2,2,1,1,1,1,4,2,3,4,0,4,0,7,2,4,1,1,6,1,4,4,3,3,7,3,8,2,1,5,2,2,3,5,4,5,4,2,2,5,1,12,1,3,1,3,1,3,1,0,0,1,1,1,0,5,3,3,3,3,2,3,1,0,2,2,4,2,6,11,10,13,8,3,7,8,6,2,4,2,2,11,9,7,14,9,4,4,2,1,4,9,13,5,5,1,10,6,5,8,3,3,19,4,3,4,4,1,4
ENSG00000253801.2,0,0,0,0,0,0,1,0,0,0,0,0,0,0,0,0,0,0,0,0,0,0,0,0,0,0,0,0,0,0,0,0,0,0,0,0,1,0,0,17,0,0,0,0,0,0,0,1,0,0,0,0,0,0,0,0,0,0,0,0,0,0,0,0,0,0,0,0,0,0,0,0,0,0,0,0,0,0,0,0,0,0,0,0,1,0,0,0,0,0,0,1,0,0,0,0,0,0,0,0,0,0,1,0,0,0,0,0,0,0,0,0,0,0,0,0,0,0,0,0,0,0
ENSG00000105053.6,293,330,289,207,372,335,352,212,261,285,291,378,270,312,371,533,449,409,355,409,337,295,346,201,392,367,415,469,269,308,221,434,229,277,507,342,488,512,247,530,185,495,279,406,244,439,375,448,398,379,236,512,331,415,199,277,196,1179,249,290,243,276,615,310,453,543,320,384,271,379,308,393,350,297,338,332,250,359,227,334,251,266,383,557,625,527,398,448,596,521,427,457,486,406,555,512,389,416,632,384,486,502,499,483,507,417,449,634,507,535,381,579,450,468,493,707,661,886,516,578,932,533
ENSG00000121542.7,86,137,113,104,179,93,109,85,102,88,80,116,135,122,119,230,182,174,110,145,131,207,139,186,219,232,295,269,100,119,149,168,192,298,278,137,190,164,126,215,152,370,172,150,145,186,330,149,301,200,177,304,208,152,201,122,145,201,250,167,597,99,154,206,143,303,352,248,182,271,140,128,117,110,149,134,89,147,119,139,190,111,129,186,200,202,131,149,225,169,165,183,183,135,225,273,151,194,259,178,208,139,238,202,236,148,192,281,276,210,178,210,188,141,211,278,218,429,139,158,529,197
ENSG00000125843.6,60,78,50,46,70,68,110,72,56,69,44,91,82,87,95,83,106,85,92,48,83,42,54,110,90,118,132,120,95,99,64,111,83,86,110,97,140,86,90,236,52,139,79,126,111,150,161,143,121,213,116,198,129,32,147,61,99,90,112,59,148,52,89,70,83,73,98,84,58,77,70,74,75,80,74,123,47,88,57,105,161,66,98,125,123,115,81,160,132,105,112,108,180,107,120,151,103,136,161,129,110,138,131,177,145,127,112,194,256,135,116,147,123,151,149,184,235,324,139,251,590,161
ENSG00000259759.1,0,0,0,0,0,0,0,0,1,0,0,0,0,0,0,0,0,0,0,0,0,0,0,0,0,0,0,0,0,0,0,0,0,0,0,0,0,1,0,0,1,1,0,0,0,0,0,0,0,0,0,0,0,0,0,0,0,1,0,0,0,1,0,0,0,0,0,0,0,0,1,1,0,0,0,0,2,4,2,1,0,0,0,0,0,0,1,0,0,0,0,0,0,1,0,0,1,0,0,1,0,1,0,0,0,0,1,0,0,0,0,0,0,0,0,0,0,0,0,0,0,1
ENSG00000253126.1,0,0,0,0,0,0,0,0,0,0,0,0,0,0,0,0,0,0,0,0,0,0,0,0,0,0,0,0,0,0,0,0,0,0,0,0,0,0,0,0,0,0,0,0,0,0,0,0,0,0,0,0,0,0,0,0,0,0,0,0,0,0,0,0,0,0,0,0,0,0,0,0,0,0,0,0,0,0,0,0,0,0,0,0,0,0,0,0,0,0,0,0,0,0,0,0,0,1,0,0,0,0,0,0,0,0,0,0,0,0,0,0,0,0,0,1,0,0,0,0,0,0
ENSG00000234238.1,0,0,0,0,0,0,0,0,0,0,0,0,0,0,0,0,0,0,0,0,0,0,1,0,0,0,0,0,0,0,0,0,0,0,0,0,0,0,0,1,0,0,0,0,0,1,0,0,0,0,0,0,0,0,0,0,0,0,0,0,3,0,0,1,0,1,1,0,0,0,1,0,0,1,0,0,0,0,0,0,0,0,0,1,0,0,0,0,0,0,0,0,0,0,0,1,0,0,0,0,0,0,0,0,0,0,0,0,0,0,0,0,0,0,1,0,0,0,0,0,0,0
ENSG00000233508.1,0,0,0,0,0,0,0,0,0,0,0,0,0,0,0,0,0,0,0,0,0,0,0,0,0,0,0,0,0,0,0,0,1,0,0,0,0,0,0,0,0,0,0,0,0,0,0,0,0,0,0,0,0,0,0,0,0,0,0,0,0,0,0,0,0,0,0,0,0,0,0,0,0,0,0,0,0,0,0,0,0,0,1,0,0,0,0,0,0,0,0,0,0,0,0,0,0,0,0,0,0,0,0,0,0,0,0,0,0,0,0,0,0,0,0,0,0,0,0,0,0,0
ENSG00000243664.1,0,0,2,0,1,0,0,0,0,0,0,1,1,0,3,5,0,1,3,2,0,2,0,1,0,0,0,5,0,2,1,1,0,1,18,0,2,0,0,3,0,0,0,0,0,5,0,5,2,0,2,0,0,1,0,0,1,2,3,1,7,3,0,0,1,0,0,7,1,0,0,0,1,1,0,0,0,1,0,7,2,0,0,0,0,1,1,0,0,1,0,0,1,0,0,0,1,0,4,1,1,0,0,0,0,1,1,0,0,0,0,0,0,0,2,1,0,0,0,1,0,1
ENSG00000235976.2,0,0,0,0,0,0,0,0,0,0,0,0,0,0,0,0,0,0,0,0,0,0,0,0,0,0,0,0,0,0,0,0,0,0,0,0,0,0,0,0,0,0,0,0,0,0,0,0,0,0,0,0,0,0,0,0,0,0,0,0,0,0,0,0,0,0,0,0,0,0,0,0,0,0,0,0,0,0,0,0,0,0,0,0,0,0,0,0,0,0,0,0,0,0,0,0,0,0,0,0,0,0,0,0,0,0,0,0,0,0,0,0,0,0,0,0,0,0,0,0,0,0
ENSG00000267717.1,1,2,0,1,2,2,6,0,1,3,0,1,0,0,2,1,1,0,3,2,5,0,1,0,1,2,1,6,1,0,1,5,1,0,0,5,4,1,3,1,0,0,1,3,1,6,4,3,0,1,0,1,3,2,3,0,3,6,1,5,1,1,0,2,2,0,2,3,0,0,2,1,0,2,1,0,0,1,2,2,2,5,2,1,1,1,0,3,0,0,2,0,1,0,1,0,0,0,1,1,0,3,1,0,1,1,1,1,1,0,0,3,0,1,0,5,2,0,1,5,2,0
ENSG00000232002.1,0,0,0,0,0,0,0,0,0,0,0,1,0,0,1,0,0,1,0,0,1,2,0,1,0,0,1,0,0,0,2,1,2,0,0,1,3,0,0,0,0,0,1,0,0,3,0,0,0,0,0,0,0,0,0,1,0,0,0,1,0,0,0,0,4,0,0,1,0,0,0,1,0,2,0,0,1,0,0,2,0,0,0,0,1,0,0,0,1,0,0,0,0,0,0,0,1,0,0,0,0,0,0,0,0,1,0,0,0,0,0,0,1,0,0,0,0,2,0,0,0,0
ENSG00000221539.1,5,0,4,5,1,3,1,3,2,1,1,1,0,2,5,1,7,2,0,6,0,6,9,3,2,3,2,3,2,4,2,3,5,2,3,2,3,0,3,7,1,1,9,2,2,2,3,3,15,3,1,1,5,8,8,1,5,1,3,2,6,0,3,3,1,0,0,0,1,5,4,0,3,2,2,2,0,1,0,0,6,1,2,5,4,5,3,3,1,5,1,2,5,3,5,11,6,7,7,5,7,0,6,0,5,1,3,3,3,2,5,8,6,0,7,10,5,1,1,3,9,7
ENSG00000254920.1,0,0,0,0,0,0,0,0,0,0,0,0,0,0,0,0,0,0,0,0,0,0,0,0,0,0,0,0,0,0,0,0,0,0,0,0,0,0,0,0,0,0,0,0,0,0,0,0,0,0,0,0,0,0,0,0,0,0,0,0,0,0,0,0,0,0,0,0,0,0,0,0,0,0,0,0,0,0,0,0,0,0,0,0,0,0,0,0,0,0,0,0,0,0,0,0,0,0,0,0,0,0,0,0,0,0,0,0,0,0,0,0,0,0,0,0,0,0,0,0,0,0
ENSG00000231378.1,7,12,9,4,12,17,7,7,7,12,3,10,3,13,5,32,12,13,16,18,16,14,20,17,21,12,10,13,17,9,9,19,13,15,25,24,21,24,18,36,24,8,18,9,9,15,28,25,18,8,15,17,23,24,17,24,8,11,16,24,15,21,12,17,14,14,27,27,41,10,18,8,3,10,14,15,3,18,8,15,5,16,5,12,10,11,4,7,9,13,5,6,10,7,11,8,9,7,7,6,12,10,7,2,15,5,6,18,15,14,4,12,3,4,18,30,12,0,6,11,4,12
ENSG00000257323.1,0,0,0,0,0,0,0,0,0,0,0,0,0,0,0,0,0,0,0,0,0,0,0,0,0,0,0,0,0,0,0,0,0,0,0,0,0,0,0,0,0,0,0,0,0,0,0,0,0,0,0,0,0,0,0,0,0,0,0,0,0,0,0,0,0,0,0,0,0,0,0,0,0,0,0,0,0,0,0,0,0,0,0,0,0,0,0,0,0,0,0,0,0,0,0,0,0,0,0,0,0,0,0,0,0,0,0,0,0,0,0,0,0,0,0,0,0,0,0,0,0,0
ENSG00000117394.15,21,26,18,102,139,67,40,17,58,41,24,29,23,45,9,18,67,57,32,91,71,94,69,42,42,640,107,97,16,16,54,225,31,49,401,0,21,88,72,102,4,95,1345,211,51,74,35,53,142,32,32,27,79,11,344,7,157,215,144,58,239,49,20,26,53,11,15,14,98,284,185,29,36,29,27,21,17,17,14,20,46,23,38,73,60,66,52,44,90,50,120,74,153,53,155,115,86,90,165,169,51,52,47,128,172,16,85,151,57,68,81,93,88,23,70,131,77,658,51,51,84,61
ENSG00000173436.9,125,113,142,123,166,123,170,128,163,124,86,92,152,139,177,120,234,218,63,163,87,193,211,143,76,107,208,180,107,100,105,202,156,153,183,82,122,146,143,152,51,392,146,202,77,182,261,86,129,219,86,147,115,152,193,91,133,376,87,144,487,37,214,148,252,132,103,87,141,276,137,200,162,129,206,208,124,146,139,166,231,95,166,200,192,164,146,190,200,133,140,135,254,189,244,279,131,210,219,231,150,159,116,180,208,106,161,205,210,186,136,174,233,170,172,242,261,268,155,182,238,122
ENSG00000226235.1,1,0,0,2,0,0,1,0,2,0,0,0,0,0,0,0,0,2,1,0,2,0,0,1,0,0,2,0,0,0,0,5,0,1,0,0,1,0,4,1,0,0,5,0,0,0,0,0,0,0,0,2,0,1,0,1,0,0,1,1,1,0,0,1,0,0,1,0,2,1,1,0,0,0,0,0,0,0,0,3,0,0,0,0,2,0,0,0,1,0,2,0,2,0,0,4,0,0,0,0,6,0,5,0,1,1,0,0,0,3,0,2,1,0,1,1,0,0,0,0,1,2
ENSG00000261654.1,40,54,27,32,53,34,33,40,18,29,24,50,17,38,29,102,28,111,94,24,46,44,58,116,37,6,26,85,63,39,31,49,84,116,70,97,28,79,26,56,43,10,22,57,26,71,100,84,45,39,49,37,55,27,50,49,230,123,55,37,40,37,47,130,67,21,150,57,19,31,63,38,25,33,25,15,25,46,47,38,30,38,21,51,49,53,29,47,37,55,32,29,26,54,24,26,52,27,48,33,54,53,28,15,37,22,26,26,81,27,38,43,23,19,52,43,43,68,36,78,8,43
ENSG00000151422.8,523,399,379,911,717,444,441,303,520,516,267,404,287,527,350,435,523,565,1473,600,582,836,428,1144,662,798,1151,1268,623,479,360,1410,693,1244,663,468,510,673,935,1106,1406,497,922,578,521,496,1257,661,689,571,687,1158,945,634,805,635,324,878,1015,846,1162,354,480,972,1012,565,1282,1157,1011,1199,864,411,441,455,430,533,439,566,438,492,1197,368,426,801,759,721,620,514,701,632,569,699,795,577,874,899,597,641,1329,1380,1109,543,632,625,1264,490,620,1376,722,737,698,949,445,432,894,1251,699,861,356,635,418,691
ENSG00000108270.6,193,216,250,300,333,228,388,292,342,309,191,265,306,275,353,351,325,573,318,258,297,270,299,428,409,616,429,454,239,254,227,388,185,446,744,562,411,385,461,749,256,1090,283,937,485,508,536,333,502,431,461,520,474,337,386,254,708,684,590,323,816,297,286,281,383,440,461,319,411,554,357,284,266,318,285,380,176,299,185,293,515,203,284,446,442,418,335,483,385,395,334,374,431,421,453,499,421,322,583,571,405,375,380,462,486,305,334,535,328,394,336,487,297,384,442,470,428,1103,282,614,676,383
ENSG00000264799.1,1,1,0,1,1,2,0,1,0,1,0,2,0,1,2,0,0,2,0,0,0,1,0,0,0,0,1,0,1,2,0,1,0,0,0,0,1,1,0,1,0,0,1,0,0,1,0,0,0,2,0,0,1,1,0,0,0,0,0,2,0,0,0,0,0,0,1,0,0,0,0,1,0,0,0,0,0,0,0,1,0,2,1,0,0,0,2,0,1,1,0,1,0,0,0,0,0,0,0,1,1,0,1,3,3,0,0,1,0,0,1,0,0,1,2,1,1,1,0,0,0,1
ENSG00000251615.3,25,15,19,19,30,33,32,28,21,41,10,20,20,29,11,51,22,18,64,26,22,22,12,28,110,30,31,31,33,10,12,125,34,43,18,5,53,16,66,29,39,26,30,31,46,65,68,21,28,30,16,28,39,2,40,36,9,51,18,53,4,6,13,28,39,5,19,26,28,46,74,7,14,23,32,27,17,32,17,12,48,22,41,38,56,33,29,36,23,35,40,17,34,21,26,51,35,50,30,46,56,21,16,51,47,20,26,43,42,45,33,37,16,27,38,64,43,85,30,34,35,40
ENSG00000254227.1,0,0,3,0,0,2,0,1,0,0,0,1,0,0,1,7,0,0,1,3,1,1,0,0,1,0,0,2,0,1,2,2,0,0,0,5,1,0,1,2,0,1,0,2,0,4,0,3,2,0,0,2,1,1,0,1,0,3,6,2,1,0,0,2,1,4,2,2,0,0,0,1,0,0,0,2,2,0,0,1,3,0,0,0,0,1,1,0,0,0,1,2,0,0,0,0,0,0,0,2,0,1,0,0,0,0,0,1,0,0,1,2,0,0,0,3,0,1,0,0,0,1
ENSG00000259443.1,0,0,0,0,0,0,0,0,0,0,0,0,0,0,0,0,0,0,0,0,0,0,0,0,0,0,0,0,0,0,0,0,0,0,0,0,0,0,0,0,0,0,0,0,0,0,0,0,0,0,0,0,0,0,2,0,0,0,0,0,0,0,0,0,0,0,0,0,0,0,0,0,0,0,0,0,0,0,0,0,0,0,0,0,0,0,0,0,0,0,0,0,0,0,0,0,0,0,0,1,0,0,0,0,0,0,0,0,0,0,0,0,0,0,0,1,0,0,0,0,0,0
ENSG00000241537.1,8,7,7,8,4,10,6,6,7,10,5,7,3,10,9,14,9,8,19,6,4,13,10,12,26,13,6,5,14,5,5,11,15,9,21,25,14,19,15,21,12,8,9,7,11,9,16,15,20,10,9,9,7,17,2,8,10,10,4,15,11,15,5,5,5,10,25,13,15,5,6,6,7,11,6,7,5,7,4,5,15,5,4,11,7,11,9,10,3,4,10,5,5,3,3,0,8,5,6,8,10,6,8,2,11,3,4,6,8,4,5,1,0,2,6,10,4,0,0,5,4,4
ENSG00000101017.9,73,102,73,106,160,118,137,84,139,170,111,110,151,175,23,190,206,152,304,113,202,186,81,105,88,52,236,151,120,151,135,108,83,208,83,151,171,482,39,253,32,93,122,193,117,9,257,310,175,42,197,76,145,37,189,97,187,442,246,124,286,162,191,258,32,217,191,20,94,319,27,85,192,137,203,264,62,93,142,127,181,86,199,247,245,248,199,249,252,307,298,264,217,133,261,260,180,178,287,169,248,151,299,190,202,116,225,431,187,275,184,254,152,339,212,330,352,495,198,234,430,204
ENSG00000154258.12,1613,1043,840,849,1229,1095,1062,771,996,824,726,1395,645,1865,527,419,601,925,1247,1276,1162,503,1422,402,808,54,859,857,1003,526,587,270,905,496,316,1507,372,1578,167,146,673,194,349,1876,565,652,757,1063,811,506,661,438,2553,311,217,1540,18,45,109,1450,187,1702,502,251,925,1076,1370,324,183,252,199,228,1064,1939,1245,947,855,1237,730,749,468,1283,799,2061,1567,1660,1109,1290,1130,1650,1218,1409,809,1391,1178,1400,900,977,1389,1051,2573,1214,853,529,1026,902,716,1374,364,1172,875,1228,654,788,928,1916,1352,115,864,764,235,1161
ENSG00000172288.6,0,0,0,0,0,0,0,0,0,0,0,0,0,0,0,0,0,0,0,0,0,0,0,0,0,0,0,0,0,0,0,0,0,0,0,0,0,0,0,0,0,0,0,0,0,0,0,0,0,0,0,0,0,0,0,0,0,0,0,0,0,0,0,0,0,0,0,0,0,0,0,0,0,0,0,0,0,0,0,0,0,0,0,0,0,0,0,0,0,0,0,0,0,0,0,0,0,0,0,0,0,0,0,0,0,0,0,0,0,0,0,0,0,0,0,0,0,0,0,0,0,0
ENSG00000200670.1,0,2,1,0,1,1,0,0,0,1,0,2,0,2,0,1,1,3,0,1,0,0,1,0,1,1,1,0,1,2,0,2,0,1,0,3,0,3,0,1,2,0,0,1,2,0,0,2,2,1,0,2,2,1,0,1,1,2,0,2,0,1,0,1,0,0,1,5,0,1,1,1,0,1,0,0,0,1,0,0,2,0,0,0,1,1,0,0,0,1,0,0,1,0,0,2,0,0,2,0,0,2,0,0,1,1,0,0,1,3,0,1,0,1,0,2,0,0,0,0,0,0
ENSG00000270369.1,0,0,0,0,0,0,0,0,0,0,0,0,0,0,0,0,0,0,0,0,0,0,0,0,0,0,0,0,0,0,0,0,0,0,0,0,0,0,0,0,0,0,0,0,0,0,0,0,0,0,0,0,0,0,0,0,0,0,0,0,0,0,0,0,0,0,0,0,0,0,0,0,0,0,0,0,0,0,0,0,0,0,0,0,0,0,0,0,0,0,0,0,0,0,0,0,0,0,0,0,0,0,0,0,0,0,0,0,0,0,0,0,0,0,0,0,0,0,0,0,0,0
ENSG00000258678.1,0,0,0,0,0,0,0,0,0,0,0,0,0,0,0,0,0,0,0,0,0,0,0,0,0,0,0,0,0,0,0,0,0,0,0,0,0,0,0,0,0,0,0,0,0,0,0,0,0,0,0,0,0,0,0,0,0,0,0,0,0,0,0,0,0,0,0,0,0,0,0,0,0,0,0,0,0,0,0,0,0,0,0,0,0,0,0,1,0,0,0,0,0,0,1,0,1,0,0,0,0,0,0,0,0,0,0,0,0,0,0,0,0,0,0,1,0,0,0,0,1,0
ENSG00000267182.1,0,0,0,0,0,0,0,0,0,0,0,0,0,0,0,0,0,0,0,0,0,0,0,0,0,0,0,0,1,0,0,0,0,0,0,0,0,0,0,0,0,0,0,0,0,0,0,0,0,0,0,0,0,0,0,0,0,0,0,0,0,0,0,0,0,0,0,0,0,0,0,0,0,0,0,0,0,0,0,0,0,0,0,0,0,0,0,0,0,0,0,0,0,0,0,0,0,0,0,0,0,0,0,0,0,0,0,0,0,0,0,0,0,0,0,0,0,0,0,0,0,0
ENSG00000238211.1,0,0,0,0,0,0,0,0,0,0,0,0,0,0,0,0,0,0,0,0,0,0,0,0,0,0,0,0,0,0,0,0,0,0,0,0,0,0,0,0,0,0,0,0,1,0,0,0,0,0,0,0,0,0,0,0,0,0,0,0,0,0,0,0,0,0,0,0,0,0,0,0,0,0,0,0,0,0,0,0,0,0,0,0,0,0,0,0,0,0,0,0,0,0,0,0,0,0,0,0,0,0,0,0,0,0,0,0,0,0,0,0,0,0,0,0,0,0,0,0,0,0
ENSG00000248122.1,0,0,0,0,0,0,0,1,0,0,0,0,0,0,0,0,0,0,0,0,0,0,0,0,0,0,0,0,0,0,0,0,0,0,0,0,0,0,0,0,0,0,0,0,0,0,0,0,0,0,0,0,0,0,0,0,0,0,1,0,0,0,0,0,0,0,0,0,0,0,0,0,0,0,0,0,0,0,0,0,0,0,0,1,0,1,0,0,0,0,0,0,0,0,0,0,1,0,0,0,0,0,0,0,0,0,0,0,0,0,0,0,0,0,0,0,0,0,0,0,0,0
ENSG00000212497.1,3,1,2,0,1,0,1,1,1,0,2,3,0,4,2,3,3,4,3,0,4,6,1,4,3,1,2,3,5,1,0,3,1,0,4,4,3,3,1,1,3,3,12,2,1,2,7,8,3,4,2,2,1,2,3,3,1,1,2,3,0,1,7,0,1,4,3,0,4,5,2,4,1,3,2,5,1,1,0,1,3,2,1,1,2,3,0,0,4,2,2,2,3,5,3,0,3,0,4,6,2,0,2,0,1,1,2,8,2,2,0,5,2,7,0,5,1,0,0,1,3,2
ENSG00000261840.1,2,1,1,1,3,0,6,2,1,2,0,4,2,2,4,1,0,5,1,2,1,3,0,2,1,2,4,5,3,1,6,2,5,1,4,4,1,4,4,1,2,3,3,1,3,4,0,5,3,3,0,5,3,2,2,4,3,6,0,2,1,2,0,1,2,0,2,1,2,1,3,2,0,1,2,0,2,0,2,1,4,2,1,7,5,11,7,5,1,11,6,8,6,3,8,8,3,20,14,6,11,1,6,9,6,1,2,3,16,2,4,2,6,7,7,15,11,22,8,6,22,11
ENSG00000164266.6,1,9,2,71,759,63,29,19,1668,110,22,4,66,40,371,51,592,19,3354,1097,836,207,3,273,1176,3834,221,985,215,322,4,855,612,160,1344,35,89,23,1220,2741,14,2356,2733,3,46,160,2862,289,209,350,10415,4162,7339,89,1397,162,558,336,1445,231,4699,1477,43,6729,5403,19,722,2,105,8735,108,117,1,3246,1,3554,1684,14,2,2036,6009,4,7,10,28,5,12,125,10,20,26,16,39,18,55,328,65,5,395,150,14,48,12,120,458,461,8,173,6866,36,20,136,16,57,140,25,16,32045,8,20,4002,365
ENSG00000169255.9,29,13,33,80,72,25,32,26,33,79,14,23,17,30,19,19,105,48,21,47,45,84,15,80,61,329,223,154,19,25,13,247,43,115,94,5,46,66,28,93,41,96,143,32,19,10,340,33,102,46,47,131,136,39,302,71,64,104,310,62,106,24,108,81,127,26,18,27,97,500,32,51,28,22,27,85,36,20,22,25,144,13,20,41,62,35,37,31,39,50,35,30,75,37,81,87,45,72,152,161,89,34,35,67,168,24,52,117,30,62,62,65,45,40,47,118,52,186,24,52,124,63
ENSG00000234769.4,63,53,51,77,99,58,115,63,67,66,59,100,50,58,57,81,88,101,70,45,57,80,65,85,88,98,162,109,48,36,93,166,65,84,136,146,151,97,64,228,76,222,97,155,91,177,172,156,110,180,78,78,111,57,111,54,106,118,120,70,119,95,57,90,60,104,117,168,150,117,108,43,57,63,64,85,40,58,70,118,106,98,100,150,196,211,130,198,168,135,128,72,134,134,152,170,185,168,245,171,162,140,116,154,183,112,121,197,175,146,107,166,95,117,180,204,160,275,83,210,293,180
ENSG00000158882.8,124,154,137,169,103,113,199,128,123,146,103,179,156,152,204,249,257,231,203,208,166,172,374,519,246,337,157,315,136,117,226,284,322,599,243,470,364,385,306,1379,544,414,96,617,233,518,401,266,403,535,232,480,270,595,144,193,414,372,536,131,824,188,228,350,391,445,490,485,383,157,340,122,201,185,166,199,122,122,159,278,299,167,161,275,224,273,149,220,127,133,229,129,234,185,178,242,152,226,246,247,139,243,189,181,187,106,129,191,635,177,116,275,185,164,239,230,221,668,160,402,416,218
ENSG00000070081.11,379,331,298,398,848,345,328,405,486,605,275,356,520,492,428,646,495,495,689,684,728,743,380,986,966,882,1256,1610,382,730,244,574,1031,1121,520,141,1107,767,819,1328,247,1953,495,269,989,911,1032,388,623,1372,734,1596,753,164,536,530,873,723,1838,514,2338,522,1175,608,484,517,289,124,228,1258,526,337,691,986,415,1160,427,524,326,552,851,286,412,519,624,817,482,619,840,518,541,662,789,458,884,1066,430,673,682,668,856,1598,593,701,773,494,511,1113,2206,609,438,762,759,793,605,1178,1579,3597,387,580,1270,583
ENSG00000261399.1,1,2,3,6,5,4,6,6,1,3,4,3,1,0,6,4,3,3,2,2,1,2,4,1,9,3,4,3,5,1,4,8,5,6,6,9,3,7,4,4,8,6,3,4,7,3,5,5,4,4,3,1,7,0,1,4,2,1,3,7,0,1,1,1,1,4,8,5,4,3,4,2,2,5,4,2,1,2,2,6,1,7,4,3,10,2,3,3,0,3,3,2,5,5,3,7,5,4,5,2,7,2,4,1,4,3,4,6,1,3,2,2,3,2,5,8,5,1,1,0,3,4
ENSG00000185432.10,8010,8725,8955,3220,10227,7158,7564,6402,8054,4577,7360,11592,8568,11584,7201,8140,4836,8528,7412,5192,6269,5501,8175,7440,6516,1470,6282,8443,6592,6244,4487,1090,5798,4632,2089,4932,10785,4543,6051,10404,4392,9579,2095,6525,6255,5102,5337,4656,8975,8463,4275,9823,10806,2685,651,3850,3562,6751,3183,6657,10495,9645,7528,5599,9922,9220,6298,4825,1530,1013,1419,10712,8735,7491,7103,6376,4630,7510,10203,4953,5468,7319,12087,16617,11373,13375,10580,13560,13792,15905,9825,10457,5041,9995,10504,9915,10721,7431,8486,6065,10003,8281,13151,8849,7744,9391,11725,6549,11982,11256,8920,7976,10306,9670,10217,7373,13699,6305,11689,6469,10343,8852
ENSG00000241815.1,0,0,0,0,0,0,0,0,0,0,0,0,0,0,0,0,0,0,0,0,0,0,0,0,0,0,0,0,0,0,0,0,0,0,0,0,0,0,0,0,0,0,0,0,0,0,0,0,0,0,0,0,0,0,0,0,0,0,0,0,0,0,0,0,0,0,0,0,0,0,0,0,0,0,0,0,0,0,0,0,0,0,0,0,0,1,0,0,0,0,0,0,0,0,0,0,0,0,0,0,0,0,0,0,0,0,0,0,0,0,0,0,0,0,0,0,0,0,0,0,0,0
ENSG00000206344.6,22,44,31,9,20,14,30,28,4,25,17,22,12,18,12,49,26,50,32,22,13,29,29,40,28,9,40,44,23,19,43,20,46,53,71,48,51,53,26,30,37,64,46,32,42,62,44,59,53,64,23,48,43,22,48,24,56,50,19,16,30,45,21,43,12,69,61,58,41,69,42,20,30,20,18,16,18,23,33,40,20,20,26,51,52,25,24,32,32,26,34,31,27,34,36,31,33,57,75,27,27,11,30,14,51,12,21,33,77,26,28,62,16,15,46,79,10,56,23,38,140,30
ENSG00000240877.2,1,1,3,1,3,3,3,1,3,3,3,1,2,3,5,0,4,0,1,0,3,0,5,1,2,1,1,6,2,3,4,3,6,3,1,1,3,1,2,2,0,1,3,4,0,3,1,2,4,1,3,3,2,1,1,0,2,0,1,0,2,2,2,1,3,2,2,2,3,0,2,4,5,1,3,5,1,0,2,1,0,6,3,1,2,3,2,2,5,5,6,5,0,1,1,4,1,6,2,3,2,0,4,6,1,2,4,1,4,3,2,0,6,2,5,2,1,7,1,0,3,2
ENSG00000253713.1,0,0,0,0,0,0,0,0,0,0,0,0,0,0,0,0,0,0,0,0,0,0,0,0,0,0,0,0,0,0,0,1,0,1,0,0,0,0,0,0,0,0,0,0,0,0,0,0,0,0,0,0,0,0,0,0,0,0,0,0,0,0,0,0,0,0,0,0,0,0,0,0,0,0,0,0,0,0,0,0,0,0,0,0,0,0,0,0,0,0,0,0,0,0,0,0,0,0,0,0,0,0,0,0,0,0,0,0,0,0,0,0,0,0,0,0,0,0,0,0,0,0
ENSG00000248548.1,0,0,0,0,0,0,0,0,0,0,0,0,0,0,0,0,0,0,0,0,0,0,0,0,0,0,0,0,0,0,0,0,0,0,0,0,0,0,0,0,0,0,0,0,0,0,0,0,0,0,0,0,0,0,0,0,0,0,0,0,0,0,0,0,0,0,0,0,1,0,0,0,0,0,0,0,0,0,0,0,0,0,0,0,0,0,0,0,0,0,0,0,0,0,0,0,0,0,0,0,0,0,0,0,0,0,0,0,0,0,0,0,0,0,0,0,0,0,0,0,0,0
ENSG00000009724.12,1280,1608,1317,784,1276,1382,1888,1584,1845,1144,1034,1931,1978,1673,1539,480,1491,1604,502,960,949,745,1661,296,337,109,716,642,1363,1284,1365,69,901,299,40,492,813,649,461,936,382,1195,56,2383,357,229,251,258,660,563,179,775,531,170,20,880,369,655,278,1012,676,311,1728,391,169,1522,709,574,20,35,81,1380,1334,1429,1274,1134,1257,1242,1323,1656,771,1755,3099,3439,3028,4025,2472,3285,2981,2883,2499,2737,2463,2993,2253,2792,3050,2594,1828,1864,2235,3544,2916,2951,2090,3361,2508,1878,2260,2994,2820,2697,2693,2794,2769,2716,4236,158,2777,3193,2402,3477
ENSG00000237424.1,4,6,2,6,6,9,4,3,1,5,2,7,8,5,13,33,25,6,4,7,7,12,14,21,18,33,10,34,11,8,4,33,18,26,52,17,56,13,14,142,7,10,18,19,3,27,18,42,54,33,20,37,43,23,19,4,80,103,52,7,72,21,4,6,15,7,43,20,23,18,32,9,8,7,11,13,2,3,2,8,15,11,4,6,8,25,6,13,9,7,9,11,14,9,8,14,3,14,39,8,8,3,20,4,12,15,3,11,35,12,4,7,4,9,17,10,8,61,10,27,64,14
ENSG00000234567.1,2,1,0,0,0,0,0,2,0,0,1,0,0,1,0,1,1,3,0,0,1,1,0,0,0,0,3,0,2,0,0,0,0,0,0,0,3,1,26,5,2,0,1,0,0,0,1,1,0,0,0,0,0,0,10,0,1,5,3,2,0,9,0,11,0,0,9,0,1,0,1,0,1,3,4,0,0,0,0,0,0,1,0,1,1,0,1,2,0,0,4,1,0,0,1,7,0,0,1,0,1,0,0,0,2,2,0,4,0,0,1,1,1,0,1,2,0,1,1,1,0,0
ENSG00000177519.3,0,0,0,0,0,0,0,0,0,0,0,1,0,0,0,4,0,0,0,0,0,0,1,0,0,0,1,0,0,0,0,0,0,0,3,0,1,0,0,0,0,0,0,0,5,0,0,0,4,0,0,0,0,0,0,0,3,0,0,0,0,2,0,2,1,0,1,0,0,0,0,0,0,0,0,0,0,0,1,0,1,0,1,0,0,0,0,0,0,0,0,0,0,0,2,0,0,0,0,0,0,0,0,0,0,0,0,1,0,1,0,0,0,0,0,0,0,0,0,1,0,1
ENSG00000263392.1,0,0,0,0,0,0,0,0,0,0,0,0,0,0,0,0,0,0,0,0,0,0,0,0,0,0,0,0,0,0,0,0,0,0,0,0,0,0,0,0,0,0,0,0,0,0,0,0,0,0,0,0,0,0,0,0,0,0,0,0,0,0,0,0,0,0,0,0,0,0,0,0,0,0,0,0,0,0,0,0,0,0,0,0,0,0,0,0,0,0,0,0,0,0,0,0,0,0,0,0,0,0,0,0,0,0,0,0,0,0,0,0,0,0,0,0,0,0,0,0,0,0
ENSG00000253222.1,0,0,0,1,0,1,0,0,0,0,0,0,0,0,1,13,0,1,0,0,0,2,0,0,0,0,5,0,0,1,0,6,0,0,0,0,0,0,1,0,0,0,6,0,0,0,4,0,1,0,0,0,0,0,0,1,3,0,0,1,0,0,0,2,1,0,3,0,0,3,1,0,0,0,0,0,0,0,0,0,0,0,0,0,0,0,0,1,1,0,0,0,0,0,0,2,0,0,0,0,1,0,0,0,2,0,0,0,0,2,1,1,1,0,0,0,0,0,0,2,0,0
ENSG00000164871.13,0,0,0,0,0,0,0,0,0,0,0,0,0,0,0,0,0,0,0,0,0,0,0,0,0,0,0,0,0,0,0,0,0,0,0,0,0,0,0,0,0,0,0,0,0,0,0,0,0,0,0,0,0,0,0,0,0,0,0,0,0,0,0,0,0,0,0,0,0,0,0,0,0,0,0,0,0,0,0,0,0,0,0,0,0,0,0,0,0,0,0,0,0,0,0,0,0,0,0,0,0,0,0,0,0,0,0,0,0,0,0,0,0,0,0,0,0,0,0,0,0,0
ENSG00000228360.1,0,0,0,0,0,0,0,0,0,0,0,0,0,0,0,0,0,1,1,1,0,0,0,0,1,0,0,1,0,0,0,1,0,0,0,1,0,0,0,0,0,0,0,0,0,0,1,0,0,1,0,1,0,0,4,0,0,0,0,0,0,0,0,1,0,1,1,0,1,0,1,0,0,1,1,0,0,0,0,0,2,0,1,0,0,0,0,1,0,1,0,0,0,0,0,0,0,1,0,0,0,1,1,0,1,0,0,0,0,0,1,1,0,0,0,0,0,0,0,0,2,0
ENSG00000271533.1,385,372,404,382,543,355,265,253,292,399,277,318,219,483,425,553,767,636,678,729,586,530,707,616,1244,359,613,559,422,486,562,635,810,691,1034,782,655,1262,969,1062,969,989,498,559,1283,883,740,787,1135,365,867,611,1287,695,713,782,528,1713,500,821,461,703,537,991,432,822,911,1293,703,684,882,526,265,674,601,469,691,646,298,623,656,504,219,429,468,510,427,483,351,527,533,347,590,339,557,490,423,385,643,469,880,361,437,246,863,343,357,818,419,410,500,665,221,332,705,1386,459,205,264,524,615,615
ENSG00000228166.1,6,2,1,1,4,4,2,5,2,2,0,5,0,3,3,8,5,2,3,5,2,4,3,7,4,2,5,8,0,5,2,7,3,6,11,3,9,13,3,6,0,2,1,3,6,2,4,6,5,0,2,6,10,6,6,5,21,0,4,6,0,3,1,0,0,2,7,3,4,10,8,0,4,1,2,2,2,6,1,0,0,4,2,3,1,7,2,4,8,3,2,4,2,5,2,1,4,4,4,2,8,2,1,1,5,1,3,5,0,4,0,2,2,2,4,16,3,0,0,1,2,1
ENSG00000260414.1,0,0,0,0,0,0,0,0,0,0,0,0,0,0,0,0,0,0,0,0,0,0,0,0,0,0,0,0,0,0,0,0,0,0,0,0,0,0,0,0,0,0,0,0,0,0,0,0,0,0,0,0,0,0,0,0,0,0,0,0,0,0,0,0,0,0,0,0,0,0,0,0,0,0,0,0,0,0,0,0,0,0,0,0,0,0,0,0,0,0,0,0,0,0,0,0,0,0,0,0,0,0,0,0,0,0,0,0,0,0,0,0,0,0,0,0,0,0,0,0,0,0
ENSG00000268034.1,0,1,0,0,0,0,0,1,0,0,0,0,0,0,3,0,1,0,1,0,0,0,0,0,0,0,0,1,0,1,0,0,0,1,0,1,1,0,0,0,3,2,0,1,0,0,0,1,1,1,0,0,0,0,0,0,1,0,1,0,0,0,0,0,0,2,0,1,0,1,0,0,0,0,0,0,0,0,0,1,0,0,0,0,2,0,1,0,1,1,0,1,0,1,0,0,0,1,1,1,1,0,0,1,0,0,0,5,2,4,0,2,1,0,0,0,0,2,2,1,2,0
ENSG00000215326.3,0,0,0,1,0,0,1,1,0,1,0,0,1,0,0,0,0,0,0,0,0,0,0,0,0,2,1,0,0,0,0,2,0,0,0,0,0,0,0,3,0,0,0,0,0,0,0,1,0,0,0,0,0,0,0,0,2,1,0,0,0,0,0,0,1,0,1,0,0,0,0,0,1,0,0,0,0,0,0,0,0,0,0,0,1,2,1,0,2,0,0,0,1,0,0,0,0,1,0,1,3,0,2,1,0,1,0,1,0,0,0,2,0,0,1,0,0,0,2,0,0,0
ENSG00000202160.1,0,1,0,0,0,0,0,0,0,0,0,0,0,0,0,3,0,1,0,0,0,0,0,0,0,0,0,0,0,0,1,0,5,0,0,4,0,0,0,6,1,1,0,0,0,0,1,0,0,3,0,0,0,1,0,0,1,0,0,0,4,0,2,0,0,0,0,1,0,0,0,0,0,3,0,0,0,0,0,4,1,0,0,0,0,0,0,0,0,0,0,0,0,0,0,0,0,0,0,0,0,0,0,0,0,0,0,0,4,1,0,0,0,0,1,1,1,0,0,9,1,0
ENSG00000235604.1,0,0,0,0,0,0,0,0,0,0,0,0,0,0,0,0,0,0,0,0,0,0,0,0,0,0,0,0,0,0,0,0,0,0,0,0,0,0,0,0,0,0,0,0,0,0,0,0,0,0,0,0,0,0,0,0,0,0,0,0,0,0,0,0,0,0,0,0,0,0,0,0,0,0,0,0,0,0,0,0,0,0,0,0,0,0,0,0,0,0,0,0,0,0,0,0,0,0,0,0,0,0,0,0,0,0,0,0,0,0,0,0,0,0,0,0,0,0,0,0,0,0
ENSG00000242524.1,0,0,0,0,0,0,0,0,0,0,0,0,0,0,0,1,0,0,0,0,0,0,0,0,0,0,0,0,0,0,0,1,0,0,0,0,0,0,0,0,0,0,0,0,0,0,0,2,4,0,0,0,0,0,0,0,0,0,0,0,0,0,0,0,0,0,0,0,0,0,0,0,0,0,0,0,0,0,0,0,0,0,0,0,0,0,0,0,0,0,0,0,0,0,0,0,0,0,0,0,0,0,0,0,0,0,0,0,0,0,0,0,0,0,0,0,0,0,0,0,0,0
ENSG00000252327.1,1,0,0,0,0,0,1,1,0,0,0,0,1,0,3,1,1,0,0,0,0,1,0,0,2,1,1,0,0,0,2,0,0,1,1,3,1,2,0,1,0,1,1,0,0,1,0,0,1,1,0,0,0,2,1,0,3,1,0,1,0,0,1,2,0,0,2,0,0,1,1,0,0,1,0,0,0,0,1,1,1,0,0,0,1,2,0,0,0,1,0,0,0,0,0,2,0,2,0,0,0,0,0,0,0,0,0,0,0,1,0,1,0,0,1,1,0,1,0,1,1,0
ENSG00000236878.1,0,2,0,0,2,2,0,0,5,2,0,1,0,4,1,2,1,0,7,4,0,3,1,0,0,1,2,1,1,1,2,3,1,2,0,0,5,6,2,6,5,0,1,0,0,4,0,2,1,0,2,2,0,1,9,3,4,0,1,1,1,1,1,0,1,2,2,4,1,2,2,0,1,2,3,4,1,0,1,0,0,2,1,3,0,1,0,3,0,0,1,0,1,0,4,0,2,4,2,0,8,0,3,0,4,2,3,2,3,1,0,1,0,1,3,5,2,1,1,1,3,1
ENSG00000258799.1,0,0,0,0,0,0,0,0,0,0,0,0,0,0,0,0,0,0,0,0,0,0,0,0,0,0,0,0,0,0,0,0,0,0,0,0,0,0,0,0,0,0,0,0,0,0,0,0,0,0,0,0,0,0,0,0,0,0,0,0,0,0,0,0,0,0,0,0,0,0,0,0,0,0,0,0,0,0,0,0,0,0,0,0,0,0,0,0,0,0,0,0,0,0,0,0,0,0,0,0,0,0,0,0,0,0,0,0,0,0,0,0,0,0,0,0,0,0,0,0,0,0
ENSG00000206047.2,0,0,0,0,0,0,0,0,0,0,0,0,0,0,0,0,0,0,0,0,0,0,0,0,0,0,0,0,0,0,0,0,0,0,0,0,0,0,0,0,0,0,0,0,0,0,0,0,0,0,0,0,0,0,0,0,0,0,0,0,0,0,0,0,0,0,0,0,0,0,0,0,0,0,0,0,0,0,0,0,0,0,0,0,0,0,0,0,0,0,0,0,0,0,0,0,0,0,0,0,0,0,0,0,0,0,0,0,0,0,0,0,0,0,0,0,0,0,0,0,0,0
ENSG00000231496.1,1,0,0,1,5,3,0,1,0,0,1,2,0,1,0,1,0,0,0,0,0,3,0,0,1,0,1,0,0,0,0,6,2,3,0,0,0,0,0,1,1,0,3,0,0,0,0,3,0,0,0,0,2,0,0,0,0,0,1,2,0,2,0,0,0,0,1,0,2,0,1,0,0,0,0,1,0,0,0,0,0,0,0,2,1,0,3,0,2,1,1,3,2,0,0,3,0,0,0,1,1,0,0,0,1,0,0,0,0,2,0,0,0,1,0,1,0,0,0,0,0,1
ENSG00000250156.3,2,0,3,0,2,1,7,2,0,3,0,3,1,5,0,2,1,0,0,0,1,0,7,5,2,3,2,1,1,2,9,4,4,7,9,4,2,12,2,6,2,0,0,3,1,1,3,1,1,0,8,12,5,5,4,4,0,8,6,9,0,2,2,4,0,5,3,7,2,0,1,4,1,2,1,3,3,6,2,5,0,4,2,1,4,1,1,0,2,4,1,1,3,2,1,3,2,0,6,2,2,0,3,2,2,1,1,4,2,4,0,5,1,0,0,3,3,4,0,0,0,3
ENSG00000227964.1,1,0,0,0,1,4,0,2,0,0,0,2,0,0,0,0,0,0,1,0,0,0,2,0,5,0,0,0,0,0,2,1,0,0,0,0,0,0,1,2,0,0,1,0,1,0,1,1,0,0,1,1,0,1,2,0,0,0,0,2,0,0,0,0,0,0,0,3,0,3,0,0,0,0,0,0,0,0,0,0,3,0,0,1,2,2,1,2,0,1,1,0,0,0,0,0,3,1,1,0,0,0,0,1,1,0,1,0,0,0,0,1,0,0,1,2,0,0,0,0,1,0
ENSG00000261733.1,0,0,0,0,0,0,0,0,0,0,0,0,0,0,0,0,0,0,0,0,0,0,0,0,0,0,0,0,0,0,0,0,0,0,0,0,0,0,0,1,0,0,0,0,0,0,0,0,0,0,0,0,0,0,0,0,1,0,0,0,0,0,0,1,0,0,0,0,0,0,0,0,0,0,0,0,0,0,0,0,0,0,0,0,0,0,0,0,0,0,0,0,0,0,0,0,0,0,0,0,0,0,0,0,0,0,0,0,0,0,0,0,0,0,0,0,0,0,0,0,0,0
ENSG00000223316.1,0,0,0,0,0,0,0,0,1,0,0,0,0,0,0,0,0,2,0,0,0,0,0,0,0,0,0,0,0,2,0,0,0,0,0,0,0,0,0,0,0,0,0,0,0,0,0,7,1,0,0,0,0,0,0,0,0,0,0,1,0,2,0,2,0,0,0,0,0,0,1,0,0,0,1,1,0,0,0,0,0,0,0,0,0,0,1,0,0,0,0,0,0,0,0,0,0,0,0,0,0,0,0,0,1,0,0,0,0,0,0,0,0,0,0,1,0,0,0,0,0,1
ENSG00000197421.5,0,0,1,0,0,0,0,0,0,0,0,0,0,0,0,0,0,0,0,0,0,0,0,3,1,0,0,0,0,0,0,1,0,1,3,0,3,1,1,3,0,0,2,0,0,0,0,1,0,8,1,0,0,1,1,0,0,4,1,0,0,4,0,0,0,0,0,1,1,0,0,0,1,0,0,0,0,0,0,0,0,5,0,0,0,0,0,0,2,1,1,2,0,0,0,0,0,0,0,1,0,0,0,0,0,0,0,0,0,2,0,0,0,1,0,0,0,1,0,0,1,0
ENSG00000272734.1,6,12,4,15,34,8,8,3,2,2,1,14,1,2,3,3,6,13,2,15,9,13,2,13,2,9,44,10,2,2,20,25,9,11,7,1,17,7,5,2,5,11,21,46,5,4,14,15,6,1,2,1,27,1,18,20,6,1,13,8,39,4,6,6,4,1,9,5,7,11,51,3,3,2,2,7,1,4,5,6,4,8,4,11,18,19,8,17,7,10,11,8,9,8,38,47,18,26,31,12,40,14,9,22,42,3,11,30,5,22,27,33,8,5,21,60,9,8,4,2,3,18
ENSG00000252148.1,0,0,0,1,1,0,0,0,0,0,0,0,0,0,1,2,0,1,1,0,1,1,0,1,1,0,0,0,2,0,1,2,0,2,2,2,1,3,0,1,0,1,2,2,0,0,3,0,2,1,2,0,2,0,0,0,1,0,0,1,1,0,1,0,1,0,1,1,2,0,2,0,2,3,3,0,1,0,0,2,2,1,1,0,1,2,0,1,1,0,0,0,0,0,1,0,1,0,0,0,0,1,1,0,0,0,1,0,1,0,0,0,0,0,0,0,1,0,0,0,0,0
ENSG00000263631.1,0,0,0,0,0,0,0,0,0,0,0,0,0,0,0,0,0,0,0,0,0,0,0,0,0,0,0,0,0,0,0,0,0,0,0,0,0,0,0,0,0,0,0,0,0,0,0,0,0,0,0,0,0,0,0,0,0,0,0,0,0,0,0,0,0,0,0,0,0,0,0,0,0,0,0,0,0,0,0,0,0,0,0,0,0,0,0,0,0,0,0,0,0,0,0,2,0,0,0,0,0,0,0,0,0,0,0,0,0,0,0,0,0,0,0,0,0,0,0,0,0,0
ENSG00000228316.1,3,4,1,2,6,4,5,3,0,5,1,1,5,4,3,8,5,4,4,3,4,2,11,7,15,2,4,9,2,1,5,7,4,4,7,11,10,10,7,10,6,3,4,5,6,9,4,8,8,1,4,1,3,10,1,10,8,12,6,5,5,6,0,5,6,3,5,13,1,1,8,1,2,3,5,1,2,5,0,0,11,3,0,7,4,3,0,4,3,1,3,4,4,5,2,0,3,1,3,0,3,2,2,0,6,0,3,8,2,1,2,3,1,3,2,10,2,0,3,4,5,1
ENSG00000229406.1,0,0,0,0,0,0,0,0,0,0,0,0,0,0,0,0,0,0,0,0,0,1,0,0,0,0,0,0,0,0,0,0,0,0,0,0,0,0,0,1,0,0,0,0,0,0,0,0,0,0,0,0,1,0,0,0,0,0,0,0,0,0,0,0,0,0,0,0,0,0,0,0,0,0,0,0,0,0,0,0,0,1,0,0,0,0,0,0,0,0,1,0,0,0,0,0,0,0,0,0,0,0,0,0,0,0,0,0,0,0,0,0,0,0,0,0,0,0,0,0,0,0
ENSG00000215114.3,346,319,300,318,458,339,481,288,312,454,305,383,392,394,495,1970,671,639,770,384,472,528,603,1274,899,731,606,807,492,434,666,543,623,1085,783,984,1106,619,350,1462,638,2004,359,2118,241,1028,1403,727,1242,524,1212,2038,2254,549,386,422,652,385,703,588,3768,981,539,1274,1513,725,847,606,494,1263,428,573,543,448,497,468,383,756,358,678,680,332,580,689,657,514,491,595,627,735,590,769,353,524,633,904,612,514,889,641,948,543,751,550,620,479,594,649,1009,809,540,577,624,586,568,772,721,1245,582,1027,1098,592
ENSG00000221523.1,0,0,0,0,0,0,0,0,0,0,0,0,0,0,0,0,0,0,0,0,0,1,0,0,0,0,0,0,0,0,0,0,0,0,0,0,1,0,0,0,1,0,0,0,0,0,0,0,0,0,0,0,0,0,1,0,1,0,0,0,0,0,0,0,1,0,0,0,0,1,0,0,0,0,1,0,0,0,0,0,0,0,0,0,0,0,0,0,0,0,0,0,0,0,0,0,0,0,0,0,0,0,0,0,0,0,0,0,0,0,0,0,0,0,0,1,0,0,0,0,0,0
ENSG00000152049.5,27,22,24,91,63,41,38,52,122,50,57,81,42,55,9,11,61,20,3,87,16,182,102,107,77,20,56,231,33,17,17,540,56,364,14,1,5,37,28,52,14,31,601,42,6,8,79,56,74,19,55,3,162,14,51,17,15,48,26,48,37,58,33,10,14,12,34,60,226,137,74,17,28,10,17,63,13,47,39,38,56,29,35,160,28,36,185,53,73,68,48,34,129,126,156,62,92,53,361,428,82,127,17,66,135,23,71,154,41,125,78,53,49,53,58,49,43,23,12,14,78,99
ENSG00000266563.1,0,0,0,0,0,1,0,0,0,0,0,0,0,0,0,0,0,0,0,0,0,0,0,0,0,0,0,0,0,1,0,0,0,0,0,0,0,0,0,0,0,0,0,0,0,0,0,0,0,0,0,0,0,0,0,0,0,0,0,0,0,0,0,0,0,0,0,0,0,0,0,0,0,1,0,0,0,0,0,0,0,0,0,0,0,0,0,0,0,0,0,0,0,0,0,0,0,0,0,1,0,1,0,0,0,0,0,0,0,0,0,0,0,0,1,1,0,0,0,0,0,0
ENSG00000248921.1,0,0,0,0,0,0,0,0,0,0,0,0,0,0,0,0,0,0,0,0,0,0,0,0,0,0,0,0,0,0,0,0,0,0,0,0,0,0,0,0,0,0,0,0,0,0,0,0,0,0,0,0,0,0,0,0,0,0,0,0,0,0,0,0,0,0,0,0,0,0,0,0,0,0,0,0,0,0,0,0,0,0,0,0,0,0,0,0,0,0,0,0,0,0,0,0,0,0,0,0,0,0,0,0,0,0,0,0,0,0,0,0,0,0,0,0,0,0,0,0,0,0
ENSG00000123364.3,0,0,0,0,0,0,0,0,0,0,0,0,0,0,0,0,0,0,0,0,0,0,0,0,0,0,0,0,0,0,0,35,0,0,0,0,0,0,1,0,0,0,0,0,0,1,0,0,0,0,0,0,0,0,0,0,0,0,1,0,0,0,0,0,0,0,0,6,7,0,8,0,0,0,0,0,0,0,0,0,0,0,0,0,0,0,0,0,0,0,0,0,0,0,0,0,0,0,0,0,0,0,0,0,0,0,0,0,0,0,0,0,0,0,0,0,0,0,0,0,0,0
ENSG00000225082.2,2,13,5,1,5,4,13,8,2,0,2,6,4,5,4,14,2,1,3,7,0,2,4,1,2,0,4,3,1,1,7,2,1,1,8,6,2,8,1,7,0,5,0,7,4,2,2,9,1,6,4,2,4,1,0,2,8,6,2,3,1,2,1,4,0,2,14,3,2,2,1,3,2,5,13,0,3,0,3,1,2,5,7,13,11,2,11,1,1,2,2,2,2,3,2,4,1,5,0,5,2,9,0,2,1,3,2,2,5,4,3,4,0,2,2,4,6,1,3,2,5,3
ENSG00000255153.1,1,7,0,1,3,2,4,2,1,0,3,3,3,2,2,3,2,3,1,0,0,1,0,5,8,4,6,5,2,1,4,4,2,3,3,2,5,0,1,3,2,5,3,2,1,6,2,4,1,5,2,18,0,5,3,0,1,5,1,5,5,0,2,5,1,1,3,3,3,1,8,5,4,0,1,1,0,2,3,3,2,1,4,4,7,7,1,6,5,5,3,1,1,4,2,8,1,8,7,3,6,0,4,4,7,1,2,5,3,6,1,5,5,2,5,7,3,32,4,6,13,4
ENSG00000261663.1,9,11,24,10,14,14,16,11,10,10,7,14,13,14,22,17,26,20,13,14,4,8,14,8,21,5,6,20,14,9,17,32,13,15,23,27,32,8,9,15,22,47,6,29,22,19,17,29,23,27,6,19,12,8,9,12,22,19,16,17,6,16,13,14,8,23,18,23,19,18,27,6,7,17,15,7,7,7,2,14,14,24,12,15,21,19,13,14,19,8,9,8,17,9,16,26,8,23,17,8,9,10,8,15,19,7,9,11,15,9,8,16,13,6,15,18,21,15,8,14,36,10
ENSG00000203496.4,0,0,0,0,0,0,0,0,0,1,0,0,0,0,0,0,1,0,1,0,0,0,0,0,1,0,1,1,1,0,0,1,0,0,1,0,1,0,1,5,0,0,0,0,0,0,0,1,0,1,0,0,1,0,0,0,2,2,0,0,0,0,0,0,0,0,0,0,1,0,0,0,0,0,0,0,0,0,0,0,1,0,0,1,0,0,0,0,0,0,0,0,1,0,0,2,0,1,1,0,0,0,0,0,0,0,0,0,0,0,0,0,0,0,0,1,0,1,0,0,0,0
ENSG00000249996.1,1,1,4,1,0,3,1,2,0,4,1,3,6,3,1,1,3,1,1,1,4,1,0,0,1,2,0,1,0,3,0,3,3,3,0,2,3,2,4,5,0,0,0,6,3,1,2,0,5,1,2,11,4,0,1,6,0,3,0,3,3,2,0,1,7,0,3,1,0,3,2,1,3,1,3,3,2,1,0,2,1,2,4,2,4,2,3,1,2,1,2,4,3,4,0,5,4,4,6,4,4,4,3,4,3,4,5,1,4,1,4,2,4,1,1,1,5,4,4,5,7,5
ENSG00000248842.1,0,0,0,0,0,0,0,0,0,0,0,0,0,0,0,0,0,0,0,0,0,0,0,0,0,0,0,0,0,0,0,0,0,0,0,0,0,0,0,0,0,0,0,0,0,0,0,0,0,0,0,0,0,0,0,0,0,0,0,0,0,0,0,0,0,0,0,0,0,0,0,0,0,0,0,0,0,0,0,0,0,0,0,0,0,0,0,0,0,0,0,0,0,0,0,0,0,0,0,0,0,0,0,0,0,0,0,0,0,0,0,0,0,0,0,0,0,0,0,0,0,0
ENSG00000072694.14,230,221,243,460,553,281,161,198,481,329,264,236,375,316,343,48,245,233,217,161,115,219,57,246,95,41,427,286,153,475,99,150,561,212,40,0,211,64,38,21,17,56,338,39,12,11,107,22,209,37,59,173,277,47,294,74,26,20,48,251,64,13,26,38,50,6,43,20,53,433,53,172,365,410,345,112,10,150,275,371,212,112,334,580,545,498,457,710,515,686,532,501,450,527,378,473,349,377,508,654,406,374,490,632,245,507,455,675,2112,482,278,604,356,90,392,730,646,140,271,1433,91,586
ENSG00000230080.2,0,0,0,0,0,0,0,0,0,0,0,0,0,0,0,0,0,0,0,0,0,0,0,0,0,0,0,0,0,0,0,0,0,0,0,0,0,0,0,0,0,0,0,0,0,0,0,0,0,0,0,0,0,0,0,0,0,0,0,0,0,0,0,0,0,0,0,0,0,0,0,0,0,0,0,0,0,0,0,0,0,0,0,0,0,0,0,0,0,0,0,0,0,0,0,0,0,0,0,0,0,0,0,0,0,0,0,0,0,0,0,0,0,0,0,0,0,0,0,0,0,0
ENSG00000253829.1,8,9,10,12,33,10,11,7,10,7,0,25,6,19,4,22,6,7,4,16,11,28,14,10,10,3,10,13,6,7,19,41,7,10,23,15,4,8,8,11,9,3,29,15,37,26,13,10,20,2,6,6,16,6,7,8,10,6,7,10,6,30,12,4,3,7,16,52,22,14,15,5,4,7,3,10,6,4,6,13,9,11,7,25,14,13,13,12,15,15,9,3,7,11,18,10,12,16,22,14,19,10,2,9,33,2,7,23,8,14,9,16,12,1,14,11,11,3,2,6,3,13
ENSG00000248449.1,26,19,23,25,28,19,41,36,19,20,20,40,14,22,28,87,12,7,40,19,21,35,17,42,68,20,20,57,20,11,28,79,33,21,144,27,13,15,27,29,83,14,27,19,20,95,63,40,24,25,43,39,46,5,52,41,67,27,9,33,3,15,27,14,20,3,59,210,103,18,95,15,8,30,33,27,13,5,17,36,13,36,12,58,17,32,25,30,13,35,32,25,35,15,17,21,25,20,46,20,37,30,16,10,32,34,17,30,21,19,17,20,11,14,34,52,29,9,26,10,33,30
ENSG00000223498.1,0,0,0,0,0,0,0,0,0,0,0,0,0,0,0,0,0,0,0,0,0,0,0,0,0,0,0,0,0,0,0,0,0,0,0,0,0,0,0,0,0,0,0,0,0,0,0,0,0,0,0,0,0,0,0,0,0,0,0,1,0,0,0,0,0,0,0,0,0,0,0,0,0,0,0,0,0,0,0,0,0,0,0,0,0,0,0,0,0,0,0,0,0,0,0,0,0,0,0,0,0,0,0,0,0,0,0,0,0,0,0,0,0,0,0,0,0,0,0,0,0,0
ENSG00000212211.1,1,0,0,1,1,1,0,0,1,2,0,0,0,2,4,2,0,5,0,1,1,0,0,1,4,4,1,0,4,2,2,2,2,6,6,8,5,8,2,3,8,1,0,3,5,1,3,2,1,3,4,2,8,10,1,3,3,8,4,3,3,2,2,2,1,4,11,2,4,1,2,3,0,2,1,0,1,0,1,3,1,3,3,0,6,3,1,2,3,1,4,4,2,0,0,0,1,1,2,1,1,0,3,0,3,5,0,0,4,2,1,3,0,1,3,3,3,0,0,2,1,0
ENSG00000175309.10,719,918,761,706,961,895,914,1325,793,844,601,1293,955,752,1095,1449,1241,855,1374,1358,614,1074,1369,629,950,595,1050,878,1264,735,1347,767,1209,823,1098,1716,1967,1027,584,859,629,678,671,1401,1204,1776,1149,1699,1191,1268,753,594,1500,740,427,520,385,643,584,1671,536,897,534,519,558,641,1239,1136,582,481,528,694,1205,1120,752,1563,949,768,469,935,934,1466,1143,1697,1670,1237,1130,1830,1007,1022,853,833,1747,2319,1636,2150,1392,1620,1699,1345,1322,1802,928,1144,1467,1488,889,1220,1839,1131,955,1540,879,1291,1455,1754,1515,910,1106,2125,1320,1459
ENSG00000248935.1,1,0,0,0,0,0,0,0,0,0,0,0,0,1,0,0,0,0,0,0,0,0,1,0,0,2,0,0,2,0,0,0,0,0,1,0,0,0,5,29,3,2,0,0,0,0,0,0,1,1,1,0,1,1,0,0,7,0,3,0,5,0,0,1,0,0,2,0,2,0,1,1,0,0,0,0,0,0,0,0,1,0,0,0,0,0,0,0,0,0,0,0,0,0,0,0,0,0,1,0,2,0,1,0,1,1,0,0,0,1,0,0,0,0,0,0,0,0,0,0,0,0
ENSG00000231203.1,0,1,1,2,2,0,0,1,1,0,0,0,0,0,1,0,0,0,0,0,2,0,0,0,0,0,2,1,1,0,0,1,0,1,0,0,0,1,0,0,0,0,1,0,0,1,3,0,0,0,1,0,0,0,1,1,3,0,0,0,1,1,0,1,0,1,1,1,0,2,0,0,0,0,0,0,0,0,0,0,0,0,2,2,4,2,0,1,4,3,0,0,2,2,5,5,0,1,11,3,1,2,1,0,2,1,3,2,3,2,2,3,3,4,3,0,4,9,2,1,0,0
ENSG00000223700.1,0,0,0,0,0,0,0,0,0,0,0,0,0,0,0,0,0,0,0,0,0,0,0,0,0,0,0,0,0,0,0,0,0,0,0,0,0,0,0,0,0,0,0,0,0,0,0,4,0,0,0,0,0,0,0,0,0,0,0,0,0,1,0,0,0,0,1,0,0,0,0,0,0,0,0,0,0,0,0,0,0,0,0,0,0,0,0,0,0,0,0,0,0,0,0,0,0,0,0,0,0,0,0,0,0,0,0,0,0,0,0,0,0,0,0,0,0,0,0,1,0,0
ENSG00000238731.1,0,0,0,0,0,0,1,0,0,0,0,0,0,0,0,1,0,0,0,0,0,0,0,0,0,1,0,0,0,1,1,0,1,1,0,0,1,0,2,2,2,1,0,0,0,1,0,1,1,2,0,1,0,0,2,2,2,0,0,0,0,0,1,2,0,0,1,2,0,0,2,1,0,1,1,0,0,0,0,2,0,0,0,0,1,1,0,0,0,0,0,0,0,1,0,0,0,0,0,0,0,0,0,0,0,0,0,0,0,0,0,0,0,0,0,0,0,0,0,0,3,0
ENSG00000261557.1,3,1,1,2,2,3,2,2,1,3,1,5,0,1,1,3,0,1,1,1,0,0,0,3,2,10,5,4,1,1,2,3,3,2,1,0,1,1,2,3,3,3,3,2,1,0,3,1,1,8,2,0,1,1,0,1,0,0,0,6,1,0,0,1,0,2,0,1,0,1,1,0,1,1,0,0,0,1,2,1,1,0,6,3,4,11,4,6,9,4,4,6,4,5,8,6,4,3,17,6,14,5,8,19,12,11,9,13,6,8,11,4,5,5,9,8,8,11,8,6,7,6
ENSG00000128965.7,5,13,32,18,20,4,4,9,1,6,5,7,1,20,9,6,18,216,17,28,21,21,27,18,123,34,5,5,13,81,209,8,109,18,1,101,19,8,2,6,0,124,6,14,105,163,34,9,9,95,0,3,4,5,18,205,13,1,36,5,8,9,386,9,14,3,7,4,1,18,9,30,6,9,14,2,6,173,19,497,1,33,34,53,85,8,27,18,35,15,8,102,9,21,99,58,56,40,13,14,129,5,21,16,9,30,120,97,501,64,20,95,259,11,72,51,284,592,405,66,1363,306
ENSG00000236690.2,0,0,0,0,0,0,0,0,0,0,0,0,0,0,0,0,0,0,0,0,0,0,0,0,0,0,0,0,0,0,0,0,0,0,0,0,0,0,0,0,0,0,0,0,0,0,0,0,0,0,0,0,0,0,0,0,0,0,0,0,0,0,0,0,0,0,0,0,0,0,0,0,0,0,0,0,0,0,0,0,0,0,0,0,0,0,0,0,0,0,0,0,0,0,0,0,0,0,0,0,0,0,0,0,0,0,0,0,0,0,0,0,0,0,0,0,0,1,0,0,0,0
ENSG00000181649.5,1,0,2,15,0,1,2,4,11,3,1,3,11,1,11,2,4,2,1,2,1,2,0,2,1,9,5,6,1,1,1,7,1,8,26,0,11,3,1,0,1,18,23,2,2,18,4,1,4,4,8,1,10,6,11,0,17,0,2,4,3,1,2,0,1,1,0,1,2,19,1,0,2,0,3,2,1,1,3,4,4,2,7,27,4,4,12,9,10,1,2,1,11,14,55,33,13,11,33,42,4,1,3,27,14,10,0,15,8,13,6,13,7,6,12,11,6,172,24,6,6,13
ENSG00000255560.1,0,0,0,0,0,0,0,0,0,0,0,0,0,0,0,0,0,0,0,0,0,0,0,0,0,0,0,0,0,0,0,0,0,0,0,0,0,0,0,0,0,0,0,0,0,0,0,0,0,0,0,0,0,0,0,0,0,0,0,0,0,0,0,0,0,0,0,0,0,0,0,0,0,0,0,0,0,0,0,0,0,0,0,0,0,0,0,0,0,0,0,0,0,0,0,0,0,0,0,0,0,0,0,0,0,0,0,0,0,0,0,0,0,0,0,0,0,0,0,0,0,0
ENSG00000112305.10,88,103,83,88,120,110,120,71,116,94,71,99,106,97,98,138,158,109,122,125,124,145,71,226,175,176,172,225,117,92,119,191,146,138,230,69,152,127,162,147,123,125,154,151,60,200,220,199,262,255,147,142,196,133,200,106,204,193,213,154,215,154,121,115,190,111,148,105,135,337,163,79,112,124,115,109,96,114,88,127,169,96,88,186,137,163,106,145,151,178,118,128,145,132,164,166,131,137,233,149,141,141,136,120,167,114,108,196,175,127,128,161,135,122,146,213,181,274,121,145,260,148
ENSG00000223922.1,17,24,48,3,63,10,126,30,6,6,35,83,80,16,3,5,7,3,1,4,12,2,7,5,6,9,6,13,5,1,4,12,4,4,9,9,12,8,9,7,5,7,2,5,10,9,8,12,15,6,11,7,6,12,11,6,12,4,5,3,6,5,2,5,7,6,10,3,12,3,6,8,4,5,6,3,2,5,89,5,3,15,42,80,15,79,54,51,69,70,26,10,5,21,7,10,13,9,14,9,8,32,24,0,4,15,4,7,6,12,5,22,2,1,3,12,16,2,5,45,10,1
ENSG00000062582.9,1,3,1,1,5,2,10,4,2,2,1,2,2,0,7,1,2,2,6,2,6,2,3,4,4,2,0,1,5,1,2,5,1,3,2,14,4,3,2,5,3,5,2,6,4,2,2,3,3,6,1,7,2,2,1,3,11,6,0,2,2,1,0,3,4,0,0,2,1,3,3,2,4,4,0,1,3,1,2,3,2,4,4,6,11,8,1,7,5,1,7,13,4,2,7,8,10,10,8,6,1,2,3,11,5,2,1,9,10,6,2,3,9,2,2,4,8,13,7,4,7,6
ENSG00000254425.1,0,0,0,0,0,0,0,0,0,0,0,0,0,0,0,0,1,0,0,0,0,0,0,0,0,0,0,0,0,0,0,0,0,0,0,0,22,0,0,95,0,0,0,0,0,0,0,0,0,0,0,0,0,0,0,0,6,10,0,0,0,0,0,0,0,0,0,0,0,0,0,0,0,0,0,0,0,0,0,0,0,0,0,0,0,0,0,0,0,0,0,0,0,0,0,0,0,0,0,0,0,0,0,0,0,0,0,0,0,0,0,0,0,0,0,0,0,0,0,0,0,0
ENSG00000107018.6,0,1,1,2,0,0,0,1,0,0,0,0,0,0,0,2,0,2,1,2,0,0,0,0,5,1,1,1,0,1,1,1,4,4,1,0,2,6,1,0,0,2,3,0,0,0,2,1,1,0,0,2,2,2,2,1,0,3,0,2,0,0,1,3,0,0,2,0,0,48,2,1,1,0,2,1,0,0,0,2,0,0,1,6,2,1,1,0,2,4,1,3,0,0,2,4,3,2,0,4,2,0,0,0,6,1,0,3,0,2,0,1,0,0,3,2,1,1,0,1,0,3
ENSG00000188676.9,2,249,253,4,88,14,85,98,9,74,385,223,66,498,105,13,315,11,54,68,216,15,69,5,16,0,26,133,203,115,32,3,126,25,5,0,24,260,4,217,3,23,7,189,7,3,47,76,500,1,10,14,30,11,18,173,2,10,4,221,0,212,78,3,1,5,68,10,5,13,13,544,279,20,146,11,69,738,199,4,152,421,489,75,581,747,361,223,788,237,442,121,6,436,95,137,227,215,57,70,59,136,495,23,194,406,193,35,14,580,445,200,64,147,242,88,51,0,335,902,80,293
ENSG00000239679.2,0,0,0,0,0,0,0,0,0,0,0,0,0,0,0,0,0,0,0,0,0,0,0,0,0,0,0,0,0,0,0,0,0,0,0,0,0,0,0,0,0,0,0,0,0,0,0,0,0,0,0,0,0,0,0,0,0,0,0,0,0,0,0,0,0,0,0,0,0,0,0,0,0,0,0,0,0,0,0,0,0,0,0,0,0,0,0,0,0,0,0,0,0,0,0,0,0,0,0,0,0,0,0,0,0,0,0,0,0,0,0,0,0,0,0,0,0,0,0,0,0,0
ENSG00000118972.1,2,2,5,482,0,54,0,3,40,3,3,2,11,21,73,0,22,10,17,25,33,137,1,1,24,0,150,24,50,37,6,0,2,2,0,0,0,1,0,0,0,1,16,0,0,1,0,0,0,0,3,0,0,13,0,2,0,15,1,36,0,0,3,0,0,0,0,1,0,0,6,6,31,16,149,21,2,37,2,36,7,7,8,6,0,0,12,0,25,3,7,2,525,19,205,29,83,17,58,50,10,4,7,108,14,48,141,288,0,65,179,64,221,14,71,127,127,0,52,27,1,74
ENSG00000261527.1,0,3,4,1,3,5,8,3,3,8,4,3,0,3,6,6,2,1,3,5,3,7,5,4,8,5,5,2,6,3,2,9,2,3,5,3,7,3,7,2,4,4,5,5,9,13,4,10,10,0,3,4,5,5,2,2,13,5,2,5,4,4,2,1,4,3,5,4,5,4,4,2,1,2,3,1,1,3,3,2,12,1,4,5,8,0,5,4,2,3,4,5,1,3,4,3,5,1,3,5,2,3,2,5,6,0,3,6,0,4,1,5,0,3,3,9,0,2,4,1,9,8
ENSG00000249234.1,17,15,7,6,7,14,24,7,7,15,13,25,7,16,3,15,6,11,14,16,8,15,7,17,19,8,17,14,12,11,6,39,16,7,25,26,10,17,20,20,15,5,22,23,22,15,27,25,12,11,15,16,15,8,11,13,8,15,10,11,31,19,11,9,25,14,19,23,11,17,25,11,3,8,12,3,7,17,18,19,14,24,8,18,13,16,17,18,16,16,18,11,11,13,8,12,13,4,14,9,12,8,9,7,10,5,3,9,15,15,10,7,6,1,8,20,5,7,4,9,16,7
ENSG00000252293.1,0,0,0,0,0,0,0,0,0,0,0,0,0,0,0,1,0,0,0,0,0,0,0,0,0,0,0,0,0,0,0,0,1,0,0,1,0,0,0,1,0,0,0,0,0,0,0,0,0,0,0,0,1,1,0,0,0,0,3,0,1,0,0,0,0,0,0,0,0,0,0,0,0,0,0,0,0,0,0,0,0,0,0,0,0,0,0,0,0,0,1,0,0,0,0,0,0,0,0,0,0,0,0,0,0,0,0,0,0,0,0,0,0,0,0,0,0,0,0,0,0,0
ENSGR0000167393.12,0,0,0,0,0,0,0,0,0,0,0,0,0,0,0,0,0,0,0,0,0,0,0,0,0,0,0,0,0,0,0,0,0,0,0,0,0,0,0,0,0,0,0,0,0,0,0,0,0,0,0,0,0,0,0,0,0,0,0,0,0,0,0,0,0,0,0,0,0,0,0,0,0,0,0,0,0,0,0,0,0,0,0,0,0,0,0,0,0,0,0,0,0,0,0,0,0,0,0,0,0,0,0,0,0,0,0,0,0,0,0,0,0,0,0,0,0,0,0,0,0,0
ENSG00000234363.1,0,0,0,0,0,0,0,0,0,0,0,0,0,0,0,0,0,0,0,0,0,0,0,0,0,0,0,0,0,0,0,0,0,0,0,0,0,0,0,0,0,0,0,0,0,0,0,0,0,0,0,0,0,0,0,0,0,0,0,0,0,0,0,0,0,0,0,0,0,0,0,0,0,0,0,0,0,0,0,0,0,0,0,0,0,0,0,0,0,0,0,0,0,0,0,0,0,0,0,0,0,0,0,0,0,0,0,0,0,0,0,0,0,0,0,0,0,0,0,0,0,0
ENSG00000182463.11,355,548,540,855,586,750,574,777,803,363,468,415,522,762,987,225,897,1411,883,819,651,770,1149,270,1993,519,856,1678,752,727,1418,2539,746,955,922,1657,363,878,811,2564,1126,493,738,1776,754,395,1808,564,2300,1538,1140,1212,1156,395,1248,677,48,924,173,1073,369,1186,1102,963,136,1990,1056,1839,541,399,1204,994,797,1052,1395,1185,989,958,450,1153,1507,1005,645,1267,739,938,725,901,913,1101,679,870,1440,980,1047,1170,954,776,1281,937,1124,1096,834,878,1181,765,1098,1076,1205,908,882,1357,699,1233,1347,1247,1374,1841,1099,1009,1065,1291
ENSG00000223905.1,0,3,3,1,3,1,2,2,1,0,0,0,0,0,2,1,0,2,0,0,0,3,0,1,2,0,0,0,1,0,3,1,2,0,0,1,0,1,0,0,0,0,0,0,0,0,2,0,0,0,1,0,3,2,1,1,0,1,0,3,0,1,1,0,0,0,0,2,0,0,1,0,1,1,2,0,1,0,0,0,1,1,2,1,1,1,0,5,3,0,0,0,0,2,0,1,0,1,1,0,1,1,1,1,2,1,0,2,0,3,1,0,0,1,0,2,2,0,0,0,0,0
ENSG00000257497.1,5,1,3,11,15,7,11,12,3,10,3,4,7,11,13,7,14,9,11,17,7,11,6,9,13,3,10,8,11,17,6,9,18,17,5,0,10,23,56,21,5,7,6,4,5,15,8,14,10,5,13,11,19,11,9,5,1,14,10,10,3,14,8,6,9,8,14,2,5,10,3,7,6,7,2,3,11,16,7,14,10,4,7,18,23,15,16,17,27,11,18,13,19,9,18,17,8,12,21,17,10,7,4,17,27,3,17,20,19,9,8,15,8,7,13,17,23,14,1,12,7,12
ENSG00000166845.9,23,12,12,29,49,27,24,6,25,43,12,17,17,18,10,25,34,39,31,31,31,44,26,92,30,198,112,151,12,21,20,108,52,165,62,35,48,59,81,95,70,25,70,10,38,32,134,32,122,17,68,67,111,153,210,34,148,87,122,48,188,19,47,82,79,32,139,40,65,305,114,29,37,19,22,44,23,27,15,26,91,10,13,24,25,32,19,22,38,45,38,61,29,24,44,42,22,39,82,34,74,27,40,30,76,18,30,67,33,45,34,62,25,13,34,81,29,163,12,35,33,37
ENSG00000265948.1,3,2,1,1,0,3,0,0,0,0,1,1,0,1,1,10,0,1,4,1,2,2,2,3,8,2,0,3,2,1,9,2,3,0,3,9,3,2,1,9,12,2,0,2,2,1,5,11,7,3,1,1,7,1,5,3,11,5,4,0,8,12,0,0,3,1,3,8,0,0,5,0,2,1,0,0,0,0,0,2,1,3,0,2,0,0,1,2,0,1,4,0,1,3,0,0,0,0,2,2,2,1,1,1,1,0,0,2,7,0,0,0,1,0,1,1,2,2,0,3,6,0
ENSG00000270930.1,1,1,1,0,0,0,0,0,0,2,0,1,0,0,0,0,1,0,0,0,2,0,0,2,0,1,9,1,0,2,0,16,3,4,0,0,16,4,0,10,7,0,7,1,1,0,2,4,3,3,2,1,3,2,0,0,4,3,0,1,0,0,2,4,0,0,2,0,42,3,0,0,2,2,0,3,1,0,0,4,2,0,0,2,2,1,1,0,1,1,2,1,4,0,3,1,0,8,3,3,9,1,1,0,5,0,0,2,1,3,1,4,1,1,0,4,0,2,1,0,5,3
ENSG00000139988.5,11,20,14,7,38,24,44,3,18,13,8,26,2,39,28,6,17,16,21,18,18,23,10,50,10,19,39,54,28,16,35,22,26,24,25,4,10,24,16,52,13,16,8,2,7,4,22,11,36,25,27,29,53,34,6,9,32,8,7,28,13,33,8,11,44,4,18,47,5,8,4,16,8,20,8,5,4,20,20,13,6,18,49,25,18,37,27,27,48,21,68,50,35,2,56,87,38,33,46,21,32,28,67,45,71,30,45,59,74,41,32,30,97,12,67,64,63,183,33,36,45,31
ENSG00000232140.1,0,0,0,0,0,0,0,0,0,2,0,1,1,0,0,0,0,1,0,0,0,1,0,0,0,0,0,0,0,1,0,0,0,0,0,0,1,0,0,2,1,2,0,0,0,0,0,0,0,1,0,0,0,0,0,0,1,0,0,1,0,0,0,0,0,0,0,1,0,0,2,0,1,0,1,0,0,1,0,0,0,0,0,0,0,0,0,0,1,0,0,0,0,0,1,0,0,1,0,0,0,0,1,1,0,0,0,0,0,0,0,0,0,0,0,0,0,0,2,1,1,0
ENSG00000254418.1,2,2,5,1,0,0,1,3,4,3,2,4,1,3,0,1,5,2,1,4,4,4,1,4,1,1,5,1,5,1,1,14,5,2,3,6,3,2,1,2,0,1,2,2,1,3,1,5,1,4,3,11,3,5,11,2,4,2,0,0,2,6,0,3,2,0,6,0,4,2,19,1,1,0,1,2,3,3,1,2,2,3,1,2,1,4,0,5,1,1,1,1,1,1,1,2,2,0,8,4,1,3,0,1,1,0,2,0,1,3,1,2,2,0,2,4,2,2,0,1,2,3
ENSG00000254562.1,0,0,0,0,0,0,2,0,0,0,0,0,0,0,0,0,0,0,0,0,0,0,1,1,0,0,1,0,0,0,0,2,0,0,0,0,0,0,0,0,0,0,0,0,0,0,1,2,2,0,0,0,0,0,0,5,3,0,0,0,6,0,0,1,0,1,1,0,0,0,1,0,0,0,1,0,0,0,0,0,4,0,0,0,0,0,0,0,0,0,0,0,0,0,1,0,0,1,0,0,0,0,1,0,1,1,0,0,0,0,0,1,1,0,1,1,0,0,1,12,0,0
ENSG00000104998.2,18,30,26,42,58,36,27,23,61,58,16,24,39,25,17,37,37,49,29,79,51,61,16,36,41,56,74,88,22,25,55,80,34,141,23,32,30,70,84,30,20,86,72,31,56,47,47,24,101,95,101,58,145,50,38,24,10,16,30,48,111,23,45,10,24,8,29,56,58,76,12,16,35,25,13,39,25,23,18,42,78,15,67,102,108,89,58,67,80,54,75,84,47,68,129,104,55,111,168,146,86,72,84,85,149,50,62,141,41,65,69,70,52,31,83,153,46,166,34,56,48,71
ENSG00000230806.1,6,4,3,4,6,3,2,5,6,3,5,4,2,0,4,10,5,2,9,4,11,5,6,12,13,6,7,14,3,3,2,16,11,5,12,3,11,13,8,5,4,6,6,4,16,5,7,5,23,10,7,2,24,6,8,3,7,13,27,6,6,5,0,16,5,1,13,3,12,11,9,2,1,5,6,1,4,4,4,3,8,2,0,3,9,8,2,3,5,4,8,3,3,0,8,7,5,4,10,9,3,4,5,1,8,4,4,9,4,7,3,2,2,1,6,15,4,2,5,2,18,5
ENSG00000272540.1,0,1,8,5,3,2,5,8,5,3,5,3,2,2,6,2,8,5,1,4,1,6,2,2,1,3,0,3,1,4,3,3,6,2,8,7,4,8,4,1,4,8,3,1,6,2,6,5,7,8,2,0,3,9,5,2,9,6,0,7,2,4,2,2,0,1,2,3,8,5,10,1,4,4,9,4,4,2,5,3,2,5,7,11,13,7,0,7,3,4,3,2,2,4,6,10,3,9,8,13,5,5,3,8,5,2,0,9,6,6,4,9,3,1,3,7,2,3,4,6,15,3
ENSG00000082068.4,304,245,271,261,427,288,341,205,307,377,176,285,258,373,277,309,349,381,336,337,349,376,277,505,403,567,487,482,316,297,465,498,345,466,445,560,349,382,565,773,362,701,366,559,549,512,439,448,600,439,418,564,511,426,455,354,513,452,408,344,834,330,316,342,369,361,644,477,346,634,272,246,361,341,248,363,224,367,264,357,556,292,302,488,493,420,338,377,397,463,384,440,365,381,437,466,403,375,587,498,520,324,357,374,523,318,331,582,514,396,380,521,328,290,482,629,394,547,296,418,634,401
ENSG00000235763.1,0,2,4,2,8,3,4,0,4,4,3,2,1,1,4,14,9,11,7,3,8,3,6,11,10,4,2,6,3,5,12,11,8,6,21,9,5,9,10,3,8,5,7,5,6,4,9,8,4,12,9,12,9,9,9,14,2,14,1,0,1,6,6,4,1,2,11,7,8,8,14,3,2,10,1,4,4,9,3,5,5,5,2,4,9,4,7,7,6,3,2,4,4,5,9,6,0,5,6,3,6,5,4,3,5,3,5,10,5,14,5,6,4,3,15,7,12,7,4,6,13,9
ENSG00000137948.14,0,2,0,3,0,0,0,1,0,1,0,0,0,1,1,1,0,1,0,4,1,14,0,0,0,0,0,1,0,1,0,1,1,2,0,1,8,1,0,1,0,0,2,0,1,0,0,3,0,0,0,0,2,0,1,1,856,0,31,5,53,1,0,6,0,0,0,0,0,1,1,0,0,0,0,1,0,2,0,0,0,0,1,0,1,1,1,1,0,0,0,2,0,0,5,7,2,2,0,1,0,0,0,1,5,0,2,5,0,4,4,8,1,0,1,0,1,0,0,0,0,2
ENSG00000186723.2,0,0,0,0,0,0,0,0,0,0,0,0,0,0,0,0,0,0,0,0,0,0,0,0,0,0,0,0,0,0,0,0,1,0,0,0,0,0,0,0,0,0,0,0,0,0,0,0,0,0,0,0,0,0,0,0,0,0,0,0,0,0,0,0,0,0,0,0,0,0,0,0,0,0,0,0,0,0,0,0,0,0,0,0,0,0,0,0,0,0,0,0,0,0,0,0,0,0,0,0,0,0,0,0,0,0,0,0,0,0,0,0,0,0,0,0,0,0,0,0,0,0
ENSG00000141433.8,0,6,0,20,6,4,4,6,5,5,2,3,0,7,0,2,7,4,0,4,18,31,1,11,4,1,71,5,1,2,9,14,0,4,0,0,0,1,1,0,0,3,88,1,1,0,3,0,1,3,0,0,28,0,4,1,0,0,3,10,3,7,8,0,0,0,0,2,0,2,0,0,5,3,3,0,0,5,6,0,1,1,22,0,14,9,2,4,7,0,2,2,2,3,13,28,13,19,66,65,22,11,0,7,20,1,12,122,0,9,55,14,8,0,9,2,0,0,2,0,3,24
ENSG00000235204.1,10,23,35,17,13,12,28,21,17,24,14,39,22,18,30,37,19,6,22,21,7,38,13,17,33,26,15,28,17,7,10,30,20,11,98,31,50,42,13,17,36,15,30,12,21,35,27,31,56,24,15,17,18,48,29,29,37,11,15,37,5,45,8,16,9,15,21,31,59,27,41,5,17,22,24,20,27,17,19,12,20,59,23,53,25,10,23,27,24,18,10,17,27,28,24,23,23,27,32,23,19,14,9,19,38,20,11,23,15,20,17,36,16,8,17,16,12,11,23,15,20,19
